id	label	model
879187	None	lstm_attention
316919	None	lstm_attention
916242	None	lstm_attention
786824	None	lstm_attention
47284	None	lstm_attention
51359	None	lstm_attention
327639	None	lstm_attention
925152	None	lstm_attention
432602	None	lstm_attention
540917	Sexism	lstm_attention
259015	None	lstm_attention
119485	None	lstm_attention
629565	None	lstm_attention
223268	None	lstm_attention
91157	None	lstm_attention
123076	Sexism	lstm_attention
301408	None	lstm_attention
153221	None	lstm_attention
713730	None	lstm_attention
104093	None	lstm_attention
284969	None	lstm_attention
154146	None	lstm_attention
903474	None	lstm_attention
310847	None	lstm_attention
618320	None	lstm_attention
219771	None	lstm_attention
137796	None	lstm_attention
557214	None	lstm_attention
639414	None	lstm_attention
499556	Sexism	lstm_attention
874903	None	lstm_attention
242561	None	lstm_attention
170696	None	lstm_attention
400293	None	lstm_attention
345498	None	lstm_attention
682342	None	lstm_attention
103754	None	lstm_attention
763773	None	lstm_attention
366364	None	lstm_attention
748942	None	lstm_attention
108952	None	lstm_attention
852650	None	lstm_attention
638113	None	lstm_attention
788538	None	lstm_attention
677410	None	lstm_attention
194546	None	lstm_attention
645529	None	lstm_attention
924142	None	lstm_attention
69380	None	lstm_attention
748478	None	lstm_attention
645018	Sexism	lstm_attention
295794	None	lstm_attention
63426	None	lstm_attention
63116	None	lstm_attention
551400	None	lstm_attention
835607	None	lstm_attention
103869	None	lstm_attention
562502	None	lstm_attention
472928	None	lstm_attention
319508	None	lstm_attention
545961	None	lstm_attention
698843	None	lstm_attention
590762	None	lstm_attention
878482	None	lstm_attention
451314	None	lstm_attention
88129	None	lstm_attention
189525	None	lstm_attention
379097	None	lstm_attention
864667	None	lstm_attention
780940	None	lstm_attention
577465	Sexism	lstm_attention
201744	None	lstm_attention
5641	None	lstm_attention
110529	None	lstm_attention
732060	None	lstm_attention
899521	None	lstm_attention
217414	None	lstm_attention
364331	None	lstm_attention
220584	None	lstm_attention
521448	None	lstm_attention
235213	None	lstm_attention
288321	None	lstm_attention
444659	None	lstm_attention
288470	None	lstm_attention
602580	None	lstm_attention
505064	None	lstm_attention
220958	None	lstm_attention
208873	None	lstm_attention
905717	None	lstm_attention
753381	None	lstm_attention
189967	None	lstm_attention
55334	None	lstm_attention
585271	None	lstm_attention
284428	None	lstm_attention
333828	None	lstm_attention
268077	None	lstm_attention
791784	None	lstm_attention
29385	None	lstm_attention
721154	None	lstm_attention
53445	None	lstm_attention
849367	None	lstm_attention
776247	None	lstm_attention
194347	None	lstm_attention
875084	None	lstm_attention
429185	None	lstm_attention
869559	None	lstm_attention
551711	None	lstm_attention
459530	None	lstm_attention
371844	None	lstm_attention
678759	None	lstm_attention
928871	None	lstm_attention
938337	None	lstm_attention
486005	None	lstm_attention
739268	None	lstm_attention
256855	None	lstm_attention
57158	Sexism	lstm_attention
492274	None	lstm_attention
177187	None	lstm_attention
323380	None	lstm_attention
736173	None	lstm_attention
655076	None	lstm_attention
636680	None	lstm_attention
319075	None	lstm_attention
183674	Sexism	lstm_attention
556548	None	lstm_attention
268230	None	lstm_attention
732875	None	lstm_attention
212780	None	lstm_attention
915594	None	lstm_attention
187124	None	lstm_attention
376637	None	lstm_attention
237536	None	lstm_attention
727320	None	lstm_attention
62305	None	lstm_attention
518275	None	lstm_attention
190205	None	lstm_attention
682947	None	lstm_attention
843536	None	lstm_attention
298286	None	lstm_attention
260368	None	lstm_attention
109120	None	lstm_attention
732085	None	lstm_attention
587177	None	lstm_attention
219166	Sexism	lstm_attention
712397	None	lstm_attention
744608	None	lstm_attention
839392	None	lstm_attention
567799	None	lstm_attention
357344	None	lstm_attention
646789	None	lstm_attention
144730	None	lstm_attention
606121	None	lstm_attention
663589	None	lstm_attention
175058	None	lstm_attention
602882	None	lstm_attention
865744	None	lstm_attention
15148	None	lstm_attention
714172	None	lstm_attention
919656	None	lstm_attention
641435	None	lstm_attention
542675	None	lstm_attention
97962	None	lstm_attention
35543	None	lstm_attention
249438	None	lstm_attention
45817	None	lstm_attention
846205	None	lstm_attention
684720	None	lstm_attention
659930	None	lstm_attention
446120	None	lstm_attention
315323	None	lstm_attention
533231	None	lstm_attention
103313	None	lstm_attention
484049	None	lstm_attention
258145	None	lstm_attention
255461	None	lstm_attention
582412	None	lstm_attention
541719	None	lstm_attention
400986	None	lstm_attention
547162	None	lstm_attention
444235	None	lstm_attention
349790	None	lstm_attention
1698	None	lstm_attention
733055	None	lstm_attention
358186	None	lstm_attention
272026	None	lstm_attention
843498	None	lstm_attention
903157	None	lstm_attention
869323	None	lstm_attention
314731	None	lstm_attention
923983	None	lstm_attention
467220	None	lstm_attention
203763	None	lstm_attention
254343	None	lstm_attention
753995	None	lstm_attention
577269	None	lstm_attention
140440	None	lstm_attention
327128	None	lstm_attention
742109	None	lstm_attention
339941	None	lstm_attention
648055	None	lstm_attention
271686	None	lstm_attention
167523	None	lstm_attention
565237	None	lstm_attention
326583	None	lstm_attention
521049	None	lstm_attention
635150	None	lstm_attention
667038	None	lstm_attention
533234	None	lstm_attention
49935	None	lstm_attention
132749	None	lstm_attention
526931	None	lstm_attention
120887	None	lstm_attention
148965	None	lstm_attention
785355	None	lstm_attention
904080	None	lstm_attention
242296	None	lstm_attention
505804	None	lstm_attention
28164	None	lstm_attention
287563	None	lstm_attention
866300	Sexism	lstm_attention
846915	None	lstm_attention
363471	None	lstm_attention
376108	None	lstm_attention
725247	None	lstm_attention
917058	None	lstm_attention
936170	None	lstm_attention
632147	None	lstm_attention
71795	None	lstm_attention
886268	None	lstm_attention
22299	None	lstm_attention
727182	None	lstm_attention
565081	None	lstm_attention
599305	None	lstm_attention
443980	None	lstm_attention
765765	None	lstm_attention
473418	None	lstm_attention
544646	None	lstm_attention
351344	None	lstm_attention
697214	None	lstm_attention
371187	None	lstm_attention
121250	None	lstm_attention
20874	None	lstm_attention
850266	None	lstm_attention
439950	None	lstm_attention
427668	None	lstm_attention
60444	None	lstm_attention
659301	None	lstm_attention
592983	None	lstm_attention
827694	None	lstm_attention
566134	None	lstm_attention
355167	None	lstm_attention
350908	None	lstm_attention
332323	None	lstm_attention
454987	Sexism	lstm_attention
170966	None	lstm_attention
56299	None	lstm_attention
53232	None	lstm_attention
649211	None	lstm_attention
390308	None	lstm_attention
488779	None	lstm_attention
215984	None	lstm_attention
628026	None	lstm_attention
368087	None	lstm_attention
875776	None	lstm_attention
831832	None	lstm_attention
569593	None	lstm_attention
469197	None	lstm_attention
390574	None	lstm_attention
436078	None	lstm_attention
72621	None	lstm_attention
265323	None	lstm_attention
476101	None	lstm_attention
104541	None	lstm_attention
446025	Sexism	lstm_attention
731432	None	lstm_attention
162796	None	lstm_attention
120013	None	lstm_attention
836767	None	lstm_attention
843079	None	lstm_attention
97007	None	lstm_attention
328435	None	lstm_attention
779718	None	lstm_attention
419606	None	lstm_attention
920869	Sexism	lstm_attention
664800	None	lstm_attention
98071	None	lstm_attention
842810	None	lstm_attention
19398	None	lstm_attention
564701	None	lstm_attention
573270	None	lstm_attention
593127	None	lstm_attention
102435	None	lstm_attention
256050	None	lstm_attention
81593	None	lstm_attention
632323	None	lstm_attention
825656	None	lstm_attention
566899	None	lstm_attention
510731	None	lstm_attention
384979	None	lstm_attention
144849	None	lstm_attention
79787	None	lstm_attention
910730	None	lstm_attention
363532	None	lstm_attention
620917	None	lstm_attention
600432	None	lstm_attention
581971	None	lstm_attention
685765	None	lstm_attention
706846	None	lstm_attention
266829	None	lstm_attention
557555	None	lstm_attention
496625	None	lstm_attention
178872	None	lstm_attention
711143	Sexism	lstm_attention
332460	None	lstm_attention
29919	None	lstm_attention
655611	None	lstm_attention
669537	None	lstm_attention
208251	None	lstm_attention
866998	None	lstm_attention
143177	None	lstm_attention
769023	None	lstm_attention
396646	None	lstm_attention
225407	None	lstm_attention
359767	None	lstm_attention
123345	None	lstm_attention
283543	Sexism	lstm_attention
542107	None	lstm_attention
152502	None	lstm_attention
146539	Sexism	lstm_attention
357373	None	lstm_attention
25777	None	lstm_attention
746972	None	lstm_attention
270762	None	lstm_attention
558844	None	lstm_attention
740225	None	lstm_attention
886666	None	lstm_attention
606932	None	lstm_attention
209217	None	lstm_attention
777488	None	lstm_attention
130669	None	lstm_attention
762285	None	lstm_attention
685431	None	lstm_attention
771815	None	lstm_attention
252415	None	lstm_attention
687596	None	lstm_attention
242766	Sexism	lstm_attention
447554	None	lstm_attention
427243	None	lstm_attention
140278	None	lstm_attention
401449	None	lstm_attention
765938	None	lstm_attention
133168	None	lstm_attention
306158	None	lstm_attention
637422	Sexism	lstm_attention
663885	None	lstm_attention
291989	None	lstm_attention
298326	None	lstm_attention
799266	None	lstm_attention
779258	None	lstm_attention
546084	None	lstm_attention
781242	None	lstm_attention
602262	None	lstm_attention
773036	None	lstm_attention
377308	None	lstm_attention
142631	None	lstm_attention
895459	None	lstm_attention
787010	None	lstm_attention
645662	None	lstm_attention
45403	None	lstm_attention
267853	None	lstm_attention
917758	None	lstm_attention
426332	None	lstm_attention
422595	None	lstm_attention
691331	None	lstm_attention
610080	None	lstm_attention
501233	None	lstm_attention
131294	None	lstm_attention
815428	None	lstm_attention
195149	None	lstm_attention
207721	None	lstm_attention
416773	None	lstm_attention
313335	None	lstm_attention
329274	None	lstm_attention
508798	None	lstm_attention
868978	None	lstm_attention
310124	None	lstm_attention
785154	None	lstm_attention
535201	None	lstm_attention
626322	None	lstm_attention
890167	None	lstm_attention
184776	Sexism	lstm_attention
390461	None	lstm_attention
503090	None	lstm_attention
461035	Sexism	lstm_attention
619709	None	lstm_attention
890283	None	lstm_attention
132888	None	lstm_attention
17079	None	lstm_attention
218300	None	lstm_attention
345231	None	lstm_attention
285893	None	lstm_attention
632928	None	lstm_attention
479465	None	lstm_attention
2602	None	lstm_attention
85641	None	lstm_attention
682701	None	lstm_attention
436258	None	lstm_attention
114639	None	lstm_attention
674071	None	lstm_attention
244282	None	lstm_attention
318350	None	lstm_attention
553375	None	lstm_attention
135830	None	lstm_attention
260169	Sexism	lstm_attention
553667	None	lstm_attention
183040	None	lstm_attention
680751	None	lstm_attention
274955	None	lstm_attention
370027	None	lstm_attention
121905	None	lstm_attention
440653	None	lstm_attention
732217	None	lstm_attention
618508	None	lstm_attention
90671	None	lstm_attention
322046	None	lstm_attention
843688	None	lstm_attention
645379	None	lstm_attention
228279	None	lstm_attention
26128	None	lstm_attention
95316	None	lstm_attention
161304	None	lstm_attention
770118	None	lstm_attention
219678	None	lstm_attention
783494	None	lstm_attention
422409	None	lstm_attention
38646	None	lstm_attention
231486	Sexism	lstm_attention
443053	None	lstm_attention
97738	None	lstm_attention
493860	None	lstm_attention
67696	None	lstm_attention
547919	None	lstm_attention
339308	None	lstm_attention
43011	None	lstm_attention
795119	None	lstm_attention
292726	None	lstm_attention
180440	None	lstm_attention
198740	None	lstm_attention
773993	None	lstm_attention
190166	None	lstm_attention
201671	None	lstm_attention
857416	None	lstm_attention
926290	None	lstm_attention
19835	None	lstm_attention
359775	None	lstm_attention
625911	None	lstm_attention
324644	None	lstm_attention
561231	None	lstm_attention
486277	None	lstm_attention
699555	None	lstm_attention
796009	None	lstm_attention
442802	None	lstm_attention
345862	None	lstm_attention
577567	None	lstm_attention
917536	None	lstm_attention
465219	None	lstm_attention
202537	None	lstm_attention
810678	None	lstm_attention
471847	None	lstm_attention
451450	None	lstm_attention
231023	None	lstm_attention
464828	None	lstm_attention
736021	None	lstm_attention
17036	None	lstm_attention
676426	None	lstm_attention
351306	None	lstm_attention
628567	None	lstm_attention
495615	None	lstm_attention
248858	None	lstm_attention
323407	None	lstm_attention
800267	None	lstm_attention
924086	None	lstm_attention
332310	None	lstm_attention
2399	None	lstm_attention
642008	None	lstm_attention
579150	None	lstm_attention
532008	None	lstm_attention
920515	None	lstm_attention
928170	None	lstm_attention
115600	None	lstm_attention
160611	None	lstm_attention
57343	None	lstm_attention
233245	None	lstm_attention
160063	None	lstm_attention
215216	None	lstm_attention
259716	None	lstm_attention
24649	None	lstm_attention
236647	None	lstm_attention
890600	None	lstm_attention
818229	None	lstm_attention
181400	None	lstm_attention
184128	None	lstm_attention
732571	None	lstm_attention
803103	None	lstm_attention
103559	None	lstm_attention
104069	None	lstm_attention
532685	None	lstm_attention
860196	None	lstm_attention
207034	None	lstm_attention
852222	None	lstm_attention
620269	None	lstm_attention
214987	None	lstm_attention
390209	None	lstm_attention
828144	Sexism	lstm_attention
355435	None	lstm_attention
280909	None	lstm_attention
648822	None	lstm_attention
469956	None	lstm_attention
491045	None	lstm_attention
853713	None	lstm_attention
759980	None	lstm_attention
569003	None	lstm_attention
803693	None	lstm_attention
481481	None	lstm_attention
853785	None	lstm_attention
451339	None	lstm_attention
434603	Sexism	lstm_attention
776243	None	lstm_attention
857738	None	lstm_attention
657731	None	lstm_attention
309549	Sexism	lstm_attention
935003	None	lstm_attention
837370	None	lstm_attention
832799	None	lstm_attention
333504	Sexism	lstm_attention
455676	None	lstm_attention
686341	None	lstm_attention
833132	None	lstm_attention
829417	None	lstm_attention
173721	None	lstm_attention
179807	None	lstm_attention
172129	None	lstm_attention
309949	None	lstm_attention
868955	None	lstm_attention
649693	None	lstm_attention
90477	None	lstm_attention
150665	None	lstm_attention
539518	None	lstm_attention
6441	None	lstm_attention
316408	None	lstm_attention
673952	None	lstm_attention
51761	None	lstm_attention
754177	None	lstm_attention
931338	None	lstm_attention
522610	None	lstm_attention
27947	None	lstm_attention
653841	None	lstm_attention
40916	None	lstm_attention
446133	None	lstm_attention
841967	None	lstm_attention
609657	None	lstm_attention
739084	None	lstm_attention
351764	None	lstm_attention
259184	None	lstm_attention
393117	None	lstm_attention
328240	None	lstm_attention
468435	None	lstm_attention
541450	None	lstm_attention
723785	None	lstm_attention
276566	None	lstm_attention
606464	None	lstm_attention
126449	None	lstm_attention
75097	None	lstm_attention
191972	Sexism	lstm_attention
837237	None	lstm_attention
400643	None	lstm_attention
418393	None	lstm_attention
910685	None	lstm_attention
617275	None	lstm_attention
494945	None	lstm_attention
318209	None	lstm_attention
696250	Sexism	lstm_attention
360014	None	lstm_attention
578712	None	lstm_attention
127383	None	lstm_attention
452100	None	lstm_attention
936774	None	lstm_attention
81295	None	lstm_attention
312562	None	lstm_attention
114169	None	lstm_attention
758394	None	lstm_attention
819133	Sexism	lstm_attention
427526	None	lstm_attention
200459	None	lstm_attention
716131	Sexism	lstm_attention
416788	None	lstm_attention
444300	None	lstm_attention
274190	None	lstm_attention
692604	None	lstm_attention
297287	None	lstm_attention
569220	None	lstm_attention
464993	Sexism	lstm_attention
219503	Sexism	lstm_attention
603542	None	lstm_attention
910996	None	lstm_attention
733681	None	lstm_attention
682912	None	lstm_attention
79179	None	lstm_attention
185878	None	lstm_attention
429794	None	lstm_attention
37514	None	lstm_attention
677951	None	lstm_attention
606638	None	lstm_attention
667790	None	lstm_attention
404077	None	lstm_attention
664870	None	lstm_attention
82089	None	lstm_attention
506355	None	lstm_attention
542327	None	lstm_attention
691922	None	lstm_attention
640273	None	lstm_attention
320130	None	lstm_attention
367958	None	lstm_attention
243866	None	lstm_attention
601147	None	lstm_attention
641554	None	lstm_attention
454838	None	lstm_attention
327255	None	lstm_attention
271180	None	lstm_attention
452547	None	lstm_attention
627679	None	lstm_attention
651348	Sexism	lstm_attention
328461	None	lstm_attention
839448	None	lstm_attention
623474	None	lstm_attention
610269	None	lstm_attention
323389	None	lstm_attention
629010	None	lstm_attention
9257	None	lstm_attention
17083	None	lstm_attention
797040	None	lstm_attention
422453	None	lstm_attention
514992	None	lstm_attention
107986	None	lstm_attention
887752	None	lstm_attention
452552	None	lstm_attention
549245	None	lstm_attention
391592	None	lstm_attention
819745	None	lstm_attention
881262	None	lstm_attention
77103	None	lstm_attention
554417	None	lstm_attention
556605	None	lstm_attention
145147	None	lstm_attention
693769	None	lstm_attention
330413	None	lstm_attention
181628	None	lstm_attention
744235	None	lstm_attention
235157	None	lstm_attention
3945	None	lstm_attention
592566	None	lstm_attention
822682	None	lstm_attention
398131	None	lstm_attention
815971	None	lstm_attention
6226	None	lstm_attention
842029	None	lstm_attention
230916	None	lstm_attention
358091	None	lstm_attention
118655	None	lstm_attention
81123	None	lstm_attention
424563	Sexism	lstm_attention
355947	None	lstm_attention
539022	None	lstm_attention
876492	None	lstm_attention
532223	None	lstm_attention
267304	None	lstm_attention
361656	None	lstm_attention
175343	None	lstm_attention
499169	None	lstm_attention
425601	None	lstm_attention
336568	None	lstm_attention
244155	None	lstm_attention
25339	None	lstm_attention
843785	None	lstm_attention
816856	None	lstm_attention
466827	None	lstm_attention
30825	None	lstm_attention
914046	None	lstm_attention
305092	None	lstm_attention
731052	None	lstm_attention
331086	None	lstm_attention
80707	None	lstm_attention
700511	Sexism	lstm_attention
759244	None	lstm_attention
273391	None	lstm_attention
157560	None	lstm_attention
666349	None	lstm_attention
118868	None	lstm_attention
919196	None	lstm_attention
193304	None	lstm_attention
125720	Sexism	lstm_attention
512574	None	lstm_attention
938099	None	lstm_attention
714519	None	lstm_attention
743493	None	lstm_attention
491880	None	lstm_attention
840307	None	lstm_attention
334019	None	lstm_attention
576203	None	lstm_attention
762331	None	lstm_attention
421390	None	lstm_attention
828741	None	lstm_attention
357634	None	lstm_attention
678272	None	lstm_attention
330446	None	lstm_attention
566240	None	lstm_attention
829440	None	lstm_attention
838151	Sexism	lstm_attention
358884	None	lstm_attention
397727	None	lstm_attention
171669	None	lstm_attention
288289	Sexism	lstm_attention
187431	None	lstm_attention
512049	None	lstm_attention
335567	None	lstm_attention
383736	None	lstm_attention
535883	None	lstm_attention
392091	None	lstm_attention
454762	None	lstm_attention
614159	None	lstm_attention
562152	None	lstm_attention
483412	None	lstm_attention
537925	None	lstm_attention
834167	None	lstm_attention
875193	None	lstm_attention
456722	None	lstm_attention
516282	None	lstm_attention
257527	None	lstm_attention
148896	None	lstm_attention
760507	None	lstm_attention
922414	None	lstm_attention
638043	None	lstm_attention
173467	Sexism	lstm_attention
195178	None	lstm_attention
147724	None	lstm_attention
194025	None	lstm_attention
624059	None	lstm_attention
107088	None	lstm_attention
43696	None	lstm_attention
527548	None	lstm_attention
43059	None	lstm_attention
194552	None	lstm_attention
895821	None	lstm_attention
91	Sexism	lstm_attention
431755	None	lstm_attention
563191	None	lstm_attention
679996	None	lstm_attention
738155	Sexism	lstm_attention
463056	None	lstm_attention
533553	None	lstm_attention
908606	None	lstm_attention
459309	None	lstm_attention
630443	None	lstm_attention
347222	Sexism	lstm_attention
675724	None	lstm_attention
83975	None	lstm_attention
296851	None	lstm_attention
535172	None	lstm_attention
75581	None	lstm_attention
461746	None	lstm_attention
874016	None	lstm_attention
20045	None	lstm_attention
253489	None	lstm_attention
553524	None	lstm_attention
57367	None	lstm_attention
167339	None	lstm_attention
594894	None	lstm_attention
452023	None	lstm_attention
795964	None	lstm_attention
765992	None	lstm_attention
508875	None	lstm_attention
122727	None	lstm_attention
11814	None	lstm_attention
544426	Sexism	lstm_attention
725077	None	lstm_attention
225212	None	lstm_attention
779008	None	lstm_attention
122184	None	lstm_attention
584554	None	lstm_attention
172329	None	lstm_attention
167317	None	lstm_attention
685147	None	lstm_attention
294261	None	lstm_attention
192130	None	lstm_attention
425529	None	lstm_attention
788604	None	lstm_attention
501111	None	lstm_attention
139510	None	lstm_attention
43771	None	lstm_attention
144519	None	lstm_attention
915772	None	lstm_attention
411616	None	lstm_attention
475013	None	lstm_attention
809205	None	lstm_attention
541359	None	lstm_attention
845267	Sexism	lstm_attention
113755	None	lstm_attention
568511	None	lstm_attention
59618	None	lstm_attention
803177	Sexism	lstm_attention
858819	None	lstm_attention
438940	None	lstm_attention
570407	None	lstm_attention
129788	None	lstm_attention
840086	None	lstm_attention
637172	None	lstm_attention
821993	Sexism	lstm_attention
325856	Sexism	lstm_attention
359155	None	lstm_attention
899842	None	lstm_attention
660308	None	lstm_attention
861989	Sexism	lstm_attention
605443	None	lstm_attention
27739	Sexism	lstm_attention
580148	None	lstm_attention
528215	None	lstm_attention
528712	None	lstm_attention
100208	None	lstm_attention
350796	None	lstm_attention
307708	None	lstm_attention
162719	None	lstm_attention
121889	None	lstm_attention
612317	None	lstm_attention
223760	None	lstm_attention
405579	None	lstm_attention
618511	None	lstm_attention
175761	None	lstm_attention
748125	None	lstm_attention
156891	None	lstm_attention
592641	None	lstm_attention
726885	None	lstm_attention
4254	None	lstm_attention
682514	None	lstm_attention
264638	None	lstm_attention
534602	None	lstm_attention
57614	None	lstm_attention
599800	None	lstm_attention
732787	None	lstm_attention
212119	None	lstm_attention
860927	None	lstm_attention
590074	None	lstm_attention
690276	None	lstm_attention
787556	None	lstm_attention
820252	None	lstm_attention
559717	None	lstm_attention
870003	None	lstm_attention
144906	None	lstm_attention
133089	None	lstm_attention
591997	None	lstm_attention
395816	None	lstm_attention
844477	Sexism	lstm_attention
178300	None	lstm_attention
148894	None	lstm_attention
850484	None	lstm_attention
860027	None	lstm_attention
247862	None	lstm_attention
312983	None	lstm_attention
122427	None	lstm_attention
83755	None	lstm_attention
195967	None	lstm_attention
494458	None	lstm_attention
9228	None	lstm_attention
684602	None	lstm_attention
927791	None	lstm_attention
615666	None	lstm_attention
599050	None	lstm_attention
455023	None	lstm_attention
819948	None	lstm_attention
749193	None	lstm_attention
623630	None	lstm_attention
320310	None	lstm_attention
532308	None	lstm_attention
79033	None	lstm_attention
689620	None	lstm_attention
503545	None	lstm_attention
880433	None	lstm_attention
566043	None	lstm_attention
146502	Sexism	lstm_attention
659400	None	lstm_attention
134693	None	lstm_attention
147313	None	lstm_attention
793773	None	lstm_attention
269220	None	lstm_attention
284822	None	lstm_attention
722881	None	lstm_attention
33435	None	lstm_attention
626585	None	lstm_attention
795133	None	lstm_attention
342079	None	lstm_attention
62264	None	lstm_attention
350128	None	lstm_attention
586407	None	lstm_attention
116562	None	lstm_attention
132059	Sexism	lstm_attention
29850	None	lstm_attention
334210	None	lstm_attention
807912	None	lstm_attention
421928	None	lstm_attention
609522	None	lstm_attention
896838	None	lstm_attention
623237	None	lstm_attention
289648	Sexism	lstm_attention
426382	None	lstm_attention
260072	None	lstm_attention
186438	None	lstm_attention
330719	None	lstm_attention
694232	None	lstm_attention
659151	None	lstm_attention
723103	None	lstm_attention
269242	None	lstm_attention
658310	None	lstm_attention
284423	None	lstm_attention
471188	None	lstm_attention
321553	None	lstm_attention
23673	None	lstm_attention
31466	None	lstm_attention
390734	None	lstm_attention
299334	None	lstm_attention
915160	None	lstm_attention
886892	None	lstm_attention
187567	None	lstm_attention
716122	None	lstm_attention
306552	None	lstm_attention
556825	None	lstm_attention
327323	None	lstm_attention
845725	Sexism	lstm_attention
832828	None	lstm_attention
614077	None	lstm_attention
861156	None	lstm_attention
899235	None	lstm_attention
920682	None	lstm_attention
896115	None	lstm_attention
819642	None	lstm_attention
684624	None	lstm_attention
671761	None	lstm_attention
199225	None	lstm_attention
96018	None	lstm_attention
530720	None	lstm_attention
886768	None	lstm_attention
788454	None	lstm_attention
840793	None	lstm_attention
530660	None	lstm_attention
764785	None	lstm_attention
510402	None	lstm_attention
797709	None	lstm_attention
154764	None	lstm_attention
758899	None	lstm_attention
30625	None	lstm_attention
650748	None	lstm_attention
79978	None	lstm_attention
590113	None	lstm_attention
904047	None	lstm_attention
228881	None	lstm_attention
205983	None	lstm_attention
638273	None	lstm_attention
156553	None	lstm_attention
146868	None	lstm_attention
428917	Sexism	lstm_attention
5567	None	lstm_attention
385342	None	lstm_attention
687821	None	lstm_attention
558622	None	lstm_attention
520964	None	lstm_attention
635670	None	lstm_attention
308809	None	lstm_attention
864406	None	lstm_attention
906662	None	lstm_attention
575658	None	lstm_attention
394694	None	lstm_attention
923350	None	lstm_attention
46205	None	lstm_attention
855695	None	lstm_attention
486257	None	lstm_attention
276551	Sexism	lstm_attention
587637	None	lstm_attention
647643	None	lstm_attention
148374	None	lstm_attention
657648	None	lstm_attention
126155	None	lstm_attention
196609	None	lstm_attention
754547	None	lstm_attention
544929	None	lstm_attention
349354	None	lstm_attention
260051	None	lstm_attention
864433	None	lstm_attention
439970	None	lstm_attention
31197	None	lstm_attention
884727	None	lstm_attention
559768	None	lstm_attention
581342	None	lstm_attention
93295	None	lstm_attention
765866	None	lstm_attention
52066	None	lstm_attention
150858	None	lstm_attention
825788	Sexism	lstm_attention
737745	None	lstm_attention
472075	None	lstm_attention
782014	None	lstm_attention
846878	None	lstm_attention
54711	None	lstm_attention
195057	None	lstm_attention
23737	None	lstm_attention
262183	None	lstm_attention
908109	None	lstm_attention
747650	None	lstm_attention
632080	None	lstm_attention
451953	None	lstm_attention
566719	None	lstm_attention
160977	None	lstm_attention
398536	None	lstm_attention
671041	None	lstm_attention
228691	Sexism	lstm_attention
215202	None	lstm_attention
467926	None	lstm_attention
631408	None	lstm_attention
57868	None	lstm_attention
192787	None	lstm_attention
336777	None	lstm_attention
890857	None	lstm_attention
691728	None	lstm_attention
831986	None	lstm_attention
644832	None	lstm_attention
859881	None	lstm_attention
386166	None	lstm_attention
411564	None	lstm_attention
196840	None	lstm_attention
26706	None	lstm_attention
24433	None	lstm_attention
294784	None	lstm_attention
329873	None	lstm_attention
922916	None	lstm_attention
263428	None	lstm_attention
879502	None	lstm_attention
171810	None	lstm_attention
146419	None	lstm_attention
11825	None	lstm_attention
385459	None	lstm_attention
837842	None	lstm_attention
707861	None	lstm_attention
256853	None	lstm_attention
304172	Sexism	lstm_attention
215264	Sexism	lstm_attention
30430	None	lstm_attention
247235	None	lstm_attention
370427	None	lstm_attention
495671	None	lstm_attention
765184	None	lstm_attention
317397	None	lstm_attention
456450	None	lstm_attention
858602	None	lstm_attention
266349	None	lstm_attention
518935	None	lstm_attention
364371	None	lstm_attention
505254	None	lstm_attention
280647	None	lstm_attention
365047	None	lstm_attention
691389	Sexism	lstm_attention
833835	None	lstm_attention
589316	None	lstm_attention
157497	None	lstm_attention
146479	None	lstm_attention
608667	None	lstm_attention
441810	None	lstm_attention
74035	None	lstm_attention
11550	None	lstm_attention
915332	None	lstm_attention
688548	None	lstm_attention
714276	None	lstm_attention
770650	None	lstm_attention
542146	None	lstm_attention
37206	Sexism	lstm_attention
917447	Sexism	lstm_attention
902552	Sexism	lstm_attention
889894	None	lstm_attention
631606	None	lstm_attention
218146	None	lstm_attention
292282	None	lstm_attention
115075	None	lstm_attention
465124	None	lstm_attention
711695	None	lstm_attention
384706	None	lstm_attention
293660	None	lstm_attention
647131	None	lstm_attention
841800	None	lstm_attention
254920	None	lstm_attention
294087	None	lstm_attention
68952	None	lstm_attention
636983	None	lstm_attention
214150	None	lstm_attention
600580	None	lstm_attention
135848	None	lstm_attention
490828	None	lstm_attention
593064	None	lstm_attention
527973	None	lstm_attention
146468	None	lstm_attention
580206	None	lstm_attention
589798	None	lstm_attention
493901	None	lstm_attention
509747	None	lstm_attention
932687	None	lstm_attention
4249	None	lstm_attention
788252	None	lstm_attention
154911	None	lstm_attention
826374	None	lstm_attention
736209	None	lstm_attention
711052	None	lstm_attention
931495	None	lstm_attention
513434	None	lstm_attention
345031	None	lstm_attention
215334	None	lstm_attention
690423	None	lstm_attention
563512	None	lstm_attention
251243	None	lstm_attention
227927	None	lstm_attention
142569	None	lstm_attention
295213	None	lstm_attention
596101	None	lstm_attention
936853	None	lstm_attention
801917	None	lstm_attention
857995	None	lstm_attention
95408	None	lstm_attention
820682	None	lstm_attention
844359	None	lstm_attention
757905	None	lstm_attention
723055	None	lstm_attention
769948	None	lstm_attention
243442	None	lstm_attention
737797	None	lstm_attention
27139	None	lstm_attention
409048	None	lstm_attention
72034	None	lstm_attention
571451	None	lstm_attention
932604	None	lstm_attention
33535	None	lstm_attention
122341	None	lstm_attention
545466	None	lstm_attention
499900	None	lstm_attention
409261	None	lstm_attention
34096	None	lstm_attention
644512	None	lstm_attention
273846	None	lstm_attention
186411	Sexism	lstm_attention
13537	None	lstm_attention
307702	None	lstm_attention
638968	None	lstm_attention
598736	None	lstm_attention
53408	None	lstm_attention
921147	None	lstm_attention
66160	None	lstm_attention
83010	None	lstm_attention
740398	None	lstm_attention
780256	None	lstm_attention
335046	None	lstm_attention
313351	None	lstm_attention
920002	None	lstm_attention
37737	None	lstm_attention
404912	Sexism	lstm_attention
168151	None	lstm_attention
578783	None	lstm_attention
82540	None	lstm_attention
198428	Sexism	lstm_attention
201290	None	lstm_attention
784990	None	lstm_attention
248346	None	lstm_attention
417267	None	lstm_attention
528918	Sexism	lstm_attention
56297	None	lstm_attention
555695	None	lstm_attention
503608	None	lstm_attention
548666	None	lstm_attention
232167	None	lstm_attention
511977	None	lstm_attention
902284	None	lstm_attention
229235	None	lstm_attention
762354	None	lstm_attention
454709	None	lstm_attention
180085	None	lstm_attention
11338	None	lstm_attention
447030	None	lstm_attention
651116	None	lstm_attention
287127	None	lstm_attention
251561	Sexism	lstm_attention
434113	None	lstm_attention
888130	None	lstm_attention
919683	None	lstm_attention
542440	None	lstm_attention
788941	None	lstm_attention
118010	None	lstm_attention
481002	None	lstm_attention
770890	None	lstm_attention
538540	None	lstm_attention
385860	None	lstm_attention
80855	None	lstm_attention
917595	None	lstm_attention
70927	None	lstm_attention
449971	None	lstm_attention
529876	None	lstm_attention
404923	None	lstm_attention
716044	None	lstm_attention
235128	None	lstm_attention
414752	None	lstm_attention
282830	None	lstm_attention
541766	None	lstm_attention
424715	None	lstm_attention
838616	None	lstm_attention
176833	None	lstm_attention
735992	None	lstm_attention
453195	None	lstm_attention
479598	None	lstm_attention
740390	Sexism	lstm_attention
695017	None	lstm_attention
76335	None	lstm_attention
270852	None	lstm_attention
708065	None	lstm_attention
606816	Sexism	lstm_attention
206088	None	lstm_attention
212827	None	lstm_attention
274373	None	lstm_attention
111258	None	lstm_attention
784002	None	lstm_attention
211700	None	lstm_attention
347583	None	lstm_attention
930859	None	lstm_attention
316943	Sexism	lstm_attention
910354	None	lstm_attention
852545	None	lstm_attention
177572	None	lstm_attention
547211	None	lstm_attention
336934	None	lstm_attention
814651	None	lstm_attention
419915	None	lstm_attention
626302	None	lstm_attention
196688	None	lstm_attention
623013	None	lstm_attention
434820	None	lstm_attention
425654	None	lstm_attention
79974	Sexism	lstm_attention
386889	Sexism	lstm_attention
610277	None	lstm_attention
205726	None	lstm_attention
620890	None	lstm_attention
767995	None	lstm_attention
809007	None	lstm_attention
441520	None	lstm_attention
913659	None	lstm_attention
360611	None	lstm_attention
287734	None	lstm_attention
905814	Sexism	lstm_attention
815224	None	lstm_attention
244696	None	lstm_attention
112362	None	lstm_attention
837061	None	lstm_attention
469475	None	lstm_attention
49053	None	lstm_attention
67722	None	lstm_attention
862123	None	lstm_attention
359926	None	lstm_attention
58467	None	lstm_attention
242064	None	lstm_attention
556969	None	lstm_attention
267300	None	lstm_attention
390626	None	lstm_attention
420135	None	lstm_attention
152122	None	lstm_attention
836236	None	lstm_attention
797488	None	lstm_attention
622909	None	lstm_attention
895011	None	lstm_attention
882194	None	lstm_attention
75596	None	lstm_attention
392774	None	lstm_attention
697383	None	lstm_attention
37458	None	lstm_attention
341828	None	lstm_attention
580586	None	lstm_attention
704812	None	lstm_attention
499112	None	lstm_attention
937103	None	lstm_attention
510980	None	lstm_attention
517470	None	lstm_attention
425835	None	lstm_attention
847555	None	lstm_attention
55580	None	lstm_attention
912551	None	lstm_attention
873778	None	lstm_attention
850066	None	lstm_attention
874043	None	lstm_attention
842140	None	lstm_attention
249516	None	lstm_attention
883107	None	lstm_attention
171088	None	lstm_attention
834348	None	lstm_attention
260511	None	lstm_attention
747543	None	lstm_attention
798061	None	lstm_attention
858296	None	lstm_attention
370524	None	lstm_attention
33709	None	lstm_attention
285570	None	lstm_attention
794925	None	lstm_attention
895463	None	lstm_attention
778909	None	lstm_attention
54033	None	lstm_attention
789905	None	lstm_attention
928455	None	lstm_attention
903244	None	lstm_attention
886945	None	lstm_attention
638355	None	lstm_attention
630520	None	lstm_attention
672070	None	lstm_attention
862937	None	lstm_attention
478805	None	lstm_attention
772528	None	lstm_attention
518431	None	lstm_attention
280350	None	lstm_attention
363404	None	lstm_attention
794248	Sexism	lstm_attention
807255	None	lstm_attention
66980	None	lstm_attention
152001	None	lstm_attention
781177	None	lstm_attention
447772	None	lstm_attention
99458	None	lstm_attention
828336	None	lstm_attention
61667	None	lstm_attention
750355	None	lstm_attention
59248	None	lstm_attention
706130	None	lstm_attention
247384	Sexism	lstm_attention
91256	None	lstm_attention
45198	None	lstm_attention
475615	None	lstm_attention
809901	None	lstm_attention
850232	None	lstm_attention
928676	None	lstm_attention
354579	None	lstm_attention
702680	None	lstm_attention
140349	None	lstm_attention
369414	None	lstm_attention
890355	None	lstm_attention
827756	None	lstm_attention
909607	None	lstm_attention
650140	None	lstm_attention
936499	None	lstm_attention
632121	None	lstm_attention
130390	None	lstm_attention
748439	None	lstm_attention
18941	None	lstm_attention
165040	None	lstm_attention
146666	Sexism	lstm_attention
671364	None	lstm_attention
241643	None	lstm_attention
728148	None	lstm_attention
418768	None	lstm_attention
507313	None	lstm_attention
122056	None	lstm_attention
429232	None	lstm_attention
936443	None	lstm_attention
63195	None	lstm_attention
347924	None	lstm_attention
239634	None	lstm_attention
685874	None	lstm_attention
785301	None	lstm_attention
205145	None	lstm_attention
895764	None	lstm_attention
744814	None	lstm_attention
711915	None	lstm_attention
538881	Sexism	lstm_attention
423994	None	lstm_attention
747992	None	lstm_attention
907822	None	lstm_attention
319476	None	lstm_attention
328982	None	lstm_attention
920039	None	lstm_attention
14595	None	lstm_attention
316259	Sexism	lstm_attention
874684	None	lstm_attention
147374	None	lstm_attention
580566	None	lstm_attention
309030	Sexism	lstm_attention
115329	None	lstm_attention
196330	None	lstm_attention
493326	None	lstm_attention
312918	None	lstm_attention
202721	None	lstm_attention
350137	None	lstm_attention
534191	None	lstm_attention
906802	None	lstm_attention
264542	None	lstm_attention
617888	None	lstm_attention
860457	None	lstm_attention
420009	None	lstm_attention
787063	None	lstm_attention
785414	None	lstm_attention
81862	Sexism	lstm_attention
662064	None	lstm_attention
827901	None	lstm_attention
142369	None	lstm_attention
758258	None	lstm_attention
863008	None	lstm_attention
844816	None	lstm_attention
788206	None	lstm_attention
88124	None	lstm_attention
480429	None	lstm_attention
849632	None	lstm_attention
923478	None	lstm_attention
135535	None	lstm_attention
182108	None	lstm_attention
377804	None	lstm_attention
556981	None	lstm_attention
682191	None	lstm_attention
296481	None	lstm_attention
258690	None	lstm_attention
648686	None	lstm_attention
146254	None	lstm_attention
191274	None	lstm_attention
685372	None	lstm_attention
150193	None	lstm_attention
161821	None	lstm_attention
143688	None	lstm_attention
133473	None	lstm_attention
380049	None	lstm_attention
340559	None	lstm_attention
100142	None	lstm_attention
317419	None	lstm_attention
717800	None	lstm_attention
477055	None	lstm_attention
496575	None	lstm_attention
855557	None	lstm_attention
276303	None	lstm_attention
351198	None	lstm_attention
829783	None	lstm_attention
367132	None	lstm_attention
641785	None	lstm_attention
379053	Sexism	lstm_attention
593153	None	lstm_attention
532096	None	lstm_attention
541335	None	lstm_attention
555100	None	lstm_attention
248630	None	lstm_attention
755985	None	lstm_attention
330068	None	lstm_attention
748877	None	lstm_attention
225802	None	lstm_attention
865982	None	lstm_attention
471207	None	lstm_attention
455365	None	lstm_attention
672031	None	lstm_attention
885735	None	lstm_attention
41893	None	lstm_attention
260881	None	lstm_attention
774654	None	lstm_attention
440552	Sexism	lstm_attention
283397	None	lstm_attention
882150	None	lstm_attention
760852	None	lstm_attention
884094	None	lstm_attention
741510	None	lstm_attention
560164	None	lstm_attention
477574	None	lstm_attention
15942	Sexism	lstm_attention
340456	None	lstm_attention
414341	None	lstm_attention
196955	None	lstm_attention
191208	None	lstm_attention
244900	None	lstm_attention
125453	None	lstm_attention
330381	None	lstm_attention
844322	None	lstm_attention
742255	None	lstm_attention
531576	None	lstm_attention
804997	None	lstm_attention
572040	None	lstm_attention
12508	None	lstm_attention
13692	None	lstm_attention
431332	None	lstm_attention
222805	None	lstm_attention
575884	Sexism	lstm_attention
526093	None	lstm_attention
440877	None	lstm_attention
599709	None	lstm_attention
864563	None	lstm_attention
78839	None	lstm_attention
111	None	lstm_attention
95463	None	lstm_attention
495836	None	lstm_attention
853192	None	lstm_attention
645187	None	lstm_attention
716428	None	lstm_attention
70540	None	lstm_attention
620335	None	lstm_attention
618922	None	lstm_attention
292521	None	lstm_attention
374329	None	lstm_attention
749851	None	lstm_attention
786718	None	lstm_attention
243476	None	lstm_attention
309574	None	lstm_attention
502189	None	lstm_attention
310058	None	lstm_attention
547459	None	lstm_attention
669697	None	lstm_attention
615307	None	lstm_attention
886670	None	lstm_attention
342705	Sexism	lstm_attention
545877	None	lstm_attention
463794	None	lstm_attention
796637	None	lstm_attention
468421	None	lstm_attention
852941	Sexism	lstm_attention
5937	None	lstm_attention
848908	None	lstm_attention
935715	None	lstm_attention
635119	None	lstm_attention
200107	None	lstm_attention
833350	Sexism	lstm_attention
610487	None	lstm_attention
877527	None	lstm_attention
602480	None	lstm_attention
481722	None	lstm_attention
489986	None	lstm_attention
720093	None	lstm_attention
924402	None	lstm_attention
911276	None	lstm_attention
696728	None	lstm_attention
506533	None	lstm_attention
878562	None	lstm_attention
523281	None	lstm_attention
896755	Sexism	lstm_attention
598409	None	lstm_attention
831752	None	lstm_attention
322711	None	lstm_attention
61823	None	lstm_attention
811164	None	lstm_attention
549355	None	lstm_attention
829055	None	lstm_attention
380227	None	lstm_attention
932515	None	lstm_attention
472535	None	lstm_attention
60136	None	lstm_attention
339636	None	lstm_attention
575878	Sexism	lstm_attention
378299	Sexism	lstm_attention
193320	None	lstm_attention
738016	None	lstm_attention
189787	None	lstm_attention
335516	None	lstm_attention
283644	None	lstm_attention
244035	None	lstm_attention
679551	None	lstm_attention
737260	Sexism	lstm_attention
566789	None	lstm_attention
701258	None	lstm_attention
78373	None	lstm_attention
88648	None	lstm_attention
816345	None	lstm_attention
203094	None	lstm_attention
115932	None	lstm_attention
383904	None	lstm_attention
896076	None	lstm_attention
280078	None	lstm_attention
853897	None	lstm_attention
651831	None	lstm_attention
241704	None	lstm_attention
467218	None	lstm_attention
348851	Sexism	lstm_attention
39268	None	lstm_attention
195742	None	lstm_attention
624006	None	lstm_attention
821714	None	lstm_attention
932881	None	lstm_attention
927697	None	lstm_attention
561831	None	lstm_attention
147405	None	lstm_attention
494714	None	lstm_attention
94452	None	lstm_attention
109748	None	lstm_attention
178516	None	lstm_attention
523045	None	lstm_attention
929718	None	lstm_attention
7512	None	lstm_attention
497912	None	lstm_attention
3934	None	lstm_attention
266354	None	lstm_attention
50344	None	lstm_attention
546395	None	lstm_attention
859986	None	lstm_attention
95001	None	lstm_attention
228080	None	lstm_attention
102582	None	lstm_attention
807409	None	lstm_attention
935706	None	lstm_attention
385956	None	lstm_attention
876039	None	lstm_attention
157415	None	lstm_attention
205465	None	lstm_attention
615005	None	lstm_attention
240869	None	lstm_attention
372994	None	lstm_attention
444019	None	lstm_attention
472721	None	lstm_attention
901710	None	lstm_attention
123394	None	lstm_attention
758190	None	lstm_attention
828286	None	lstm_attention
107763	None	lstm_attention
676389	None	lstm_attention
923219	Sexism	lstm_attention
886300	None	lstm_attention
41268	None	lstm_attention
452043	None	lstm_attention
24785	None	lstm_attention
214082	Sexism	lstm_attention
139162	None	lstm_attention
760971	None	lstm_attention
12874	None	lstm_attention
716891	None	lstm_attention
359727	None	lstm_attention
114631	None	lstm_attention
801584	None	lstm_attention
634663	None	lstm_attention
62360	None	lstm_attention
48313	None	lstm_attention
34938	None	lstm_attention
675816	None	lstm_attention
414879	None	lstm_attention
640288	None	lstm_attention
94822	None	lstm_attention
166996	None	lstm_attention
120572	None	lstm_attention
111193	None	lstm_attention
369225	None	lstm_attention
184411	None	lstm_attention
707555	None	lstm_attention
566720	None	lstm_attention
140176	None	lstm_attention
38817	None	lstm_attention
227515	None	lstm_attention
899295	None	lstm_attention
926615	None	lstm_attention
221727	None	lstm_attention
70567	None	lstm_attention
465292	None	lstm_attention
769162	None	lstm_attention
848690	None	lstm_attention
119707	None	lstm_attention
931034	None	lstm_attention
79612	None	lstm_attention
135661	None	lstm_attention
738000	None	lstm_attention
35449	None	lstm_attention
763819	None	lstm_attention
53316	None	lstm_attention
466063	None	lstm_attention
348338	None	lstm_attention
934615	None	lstm_attention
834548	Sexism	lstm_attention
180175	None	lstm_attention
228243	None	lstm_attention
826578	None	lstm_attention
185010	None	lstm_attention
639126	None	lstm_attention
849059	None	lstm_attention
856980	None	lstm_attention
388739	None	lstm_attention
835399	None	lstm_attention
765271	None	lstm_attention
244804	None	lstm_attention
867962	None	lstm_attention
741333	None	lstm_attention
249350	None	lstm_attention
713791	None	lstm_attention
306999	None	lstm_attention
28556	None	lstm_attention
74299	None	lstm_attention
314054	Sexism	lstm_attention
558703	None	lstm_attention
14963	None	lstm_attention
422635	None	lstm_attention
470543	None	lstm_attention
570107	None	lstm_attention
729521	None	lstm_attention
567295	None	lstm_attention
44606	None	lstm_attention
561963	None	lstm_attention
630365	None	lstm_attention
903565	None	lstm_attention
738879	None	lstm_attention
390607	None	lstm_attention
692550	None	lstm_attention
55949	None	lstm_attention
454064	Sexism	lstm_attention
837235	None	lstm_attention
371918	None	lstm_attention
848781	Sexism	lstm_attention
912473	None	lstm_attention
469957	None	lstm_attention
110797	Sexism	lstm_attention
693434	None	lstm_attention
78406	None	lstm_attention
46963	Sexism	lstm_attention
57709	None	lstm_attention
789298	None	lstm_attention
809835	None	lstm_attention
214396	None	lstm_attention
622943	None	lstm_attention
443407	None	lstm_attention
327587	None	lstm_attention
437844	None	lstm_attention
221872	None	lstm_attention
336045	None	lstm_attention
375881	None	lstm_attention
430379	None	lstm_attention
169430	None	lstm_attention
294172	None	lstm_attention
89541	None	lstm_attention
268632	None	lstm_attention
805518	Sexism	lstm_attention
566818	None	lstm_attention
607062	None	lstm_attention
867573	None	lstm_attention
605692	None	lstm_attention
326477	Sexism	lstm_attention
509063	None	lstm_attention
232984	None	lstm_attention
153943	None	lstm_attention
689880	None	lstm_attention
319374	None	lstm_attention
742836	None	lstm_attention
238027	None	lstm_attention
293070	None	lstm_attention
852509	None	lstm_attention
113697	None	lstm_attention
404559	None	lstm_attention
367504	None	lstm_attention
312455	Sexism	lstm_attention
95986	None	lstm_attention
250108	None	lstm_attention
306720	None	lstm_attention
827471	None	lstm_attention
409654	None	lstm_attention
179580	None	lstm_attention
54157	Sexism	lstm_attention
565214	None	lstm_attention
157628	None	lstm_attention
524389	None	lstm_attention
625151	None	lstm_attention
41456	None	lstm_attention
809670	None	lstm_attention
470773	None	lstm_attention
139862	None	lstm_attention
526507	None	lstm_attention
788998	None	lstm_attention
360237	None	lstm_attention
851562	None	lstm_attention
672289	None	lstm_attention
748338	None	lstm_attention
160373	None	lstm_attention
722951	Sexism	lstm_attention
57770	None	lstm_attention
826087	Sexism	lstm_attention
374588	None	lstm_attention
410682	None	lstm_attention
772372	None	lstm_attention
84041	None	lstm_attention
216995	None	lstm_attention
463848	None	lstm_attention
478943	None	lstm_attention
742536	None	lstm_attention
642569	None	lstm_attention
178538	None	lstm_attention
489884	None	lstm_attention
656697	None	lstm_attention
309209	None	lstm_attention
887989	Sexism	lstm_attention
660054	None	lstm_attention
210475	Sexism	lstm_attention
209867	None	lstm_attention
467547	None	lstm_attention
851586	None	lstm_attention
14311	None	lstm_attention
793203	None	lstm_attention
123927	None	lstm_attention
717771	None	lstm_attention
584197	None	lstm_attention
79868	None	lstm_attention
516666	None	lstm_attention
723962	None	lstm_attention
14579	None	lstm_attention
257737	None	lstm_attention
540902	None	lstm_attention
508957	Sexism	lstm_attention
41334	None	lstm_attention
465546	None	lstm_attention
526152	Sexism	lstm_attention
282038	None	lstm_attention
911747	Sexism	lstm_attention
709732	None	lstm_attention
151980	None	lstm_attention
257257	Sexism	lstm_attention
843966	None	lstm_attention
464017	None	lstm_attention
619782	None	lstm_attention
284724	None	lstm_attention
134346	None	lstm_attention
255352	None	lstm_attention
483319	None	lstm_attention
540781	None	lstm_attention
339456	None	lstm_attention
193515	None	lstm_attention
493695	None	lstm_attention
627681	None	lstm_attention
756726	None	lstm_attention
405826	None	lstm_attention
815800	None	lstm_attention
774003	None	lstm_attention
928355	None	lstm_attention
105802	None	lstm_attention
849930	None	lstm_attention
314150	None	lstm_attention
118315	None	lstm_attention
594020	None	lstm_attention
930997	None	lstm_attention
878173	Sexism	lstm_attention
745693	None	lstm_attention
88560	None	lstm_attention
837331	Sexism	lstm_attention
313856	None	lstm_attention
721573	None	lstm_attention
885365	None	lstm_attention
548204	None	lstm_attention
377118	None	lstm_attention
649908	None	lstm_attention
626634	None	lstm_attention
719540	None	lstm_attention
155405	None	lstm_attention
625156	None	lstm_attention
731578	None	lstm_attention
248789	None	lstm_attention
812915	None	lstm_attention
639994	None	lstm_attention
243292	None	lstm_attention
308220	None	lstm_attention
411431	None	lstm_attention
418309	None	lstm_attention
619262	None	lstm_attention
564804	None	lstm_attention
506045	None	lstm_attention
81503	None	lstm_attention
268827	None	lstm_attention
909369	None	lstm_attention
803096	None	lstm_attention
583923	None	lstm_attention
493493	None	lstm_attention
890157	None	lstm_attention
225488	None	lstm_attention
291584	None	lstm_attention
7001	None	lstm_attention
848619	None	lstm_attention
873544	None	lstm_attention
871485	None	lstm_attention
515296	None	lstm_attention
17928	None	lstm_attention
799555	None	lstm_attention
906324	None	lstm_attention
416633	None	lstm_attention
936028	None	lstm_attention
938949	None	lstm_attention
120599	None	lstm_attention
743154	None	lstm_attention
588338	None	lstm_attention
278691	None	lstm_attention
209557	None	lstm_attention
572974	None	lstm_attention
707146	None	lstm_attention
682574	None	lstm_attention
897946	None	lstm_attention
594930	None	lstm_attention
177580	None	lstm_attention
446305	None	lstm_attention
642522	None	lstm_attention
710229	None	lstm_attention
109650	None	lstm_attention
166059	None	lstm_attention
324766	None	lstm_attention
274593	None	lstm_attention
732149	None	lstm_attention
922697	None	lstm_attention
436440	None	lstm_attention
147243	None	lstm_attention
113041	None	lstm_attention
136214	None	lstm_attention
459985	None	lstm_attention
14811	None	lstm_attention
87990	None	lstm_attention
888281	None	lstm_attention
142305	None	lstm_attention
40807	Sexism	lstm_attention
379491	None	lstm_attention
748378	None	lstm_attention
189272	Sexism	lstm_attention
462995	None	lstm_attention
238640	None	lstm_attention
624763	None	lstm_attention
132838	None	lstm_attention
936999	None	lstm_attention
478162	None	lstm_attention
836153	None	lstm_attention
191692	None	lstm_attention
144991	None	lstm_attention
575280	None	lstm_attention
767542	None	lstm_attention
938392	None	lstm_attention
625756	None	lstm_attention
591958	None	lstm_attention
777873	None	lstm_attention
382296	None	lstm_attention
853958	None	lstm_attention
689376	None	lstm_attention
667476	Sexism	lstm_attention
555124	None	lstm_attention
553769	None	lstm_attention
779775	None	lstm_attention
175226	None	lstm_attention
221245	None	lstm_attention
357659	None	lstm_attention
19345	None	lstm_attention
359530	None	lstm_attention
897931	None	lstm_attention
730685	None	lstm_attention
112406	None	lstm_attention
931965	None	lstm_attention
237018	None	lstm_attention
448776	None	lstm_attention
85034	None	lstm_attention
311670	None	lstm_attention
441297	Sexism	lstm_attention
517000	None	lstm_attention
96319	None	lstm_attention
418882	None	lstm_attention
155075	None	lstm_attention
12231	None	lstm_attention
413056	None	lstm_attention
907236	None	lstm_attention
604934	Sexism	lstm_attention
838580	None	lstm_attention
717687	None	lstm_attention
197189	None	lstm_attention
855820	None	lstm_attention
182568	None	lstm_attention
320842	None	lstm_attention
879729	None	lstm_attention
14189	None	lstm_attention
740123	None	lstm_attention
286498	Sexism	lstm_attention
453161	None	lstm_attention
698304	None	lstm_attention
569119	None	lstm_attention
395594	None	lstm_attention
540215	None	lstm_attention
771499	None	lstm_attention
18282	None	lstm_attention
438340	None	lstm_attention
750831	Sexism	lstm_attention
422062	None	lstm_attention
252381	None	lstm_attention
128299	None	lstm_attention
82059	None	lstm_attention
440675	None	lstm_attention
303717	None	lstm_attention
799599	None	lstm_attention
460943	None	lstm_attention
385684	None	lstm_attention
279316	None	lstm_attention
775008	Sexism	lstm_attention
591611	None	lstm_attention
381277	None	lstm_attention
784997	None	lstm_attention
491267	None	lstm_attention
899392	None	lstm_attention
12717	None	lstm_attention
494312	None	lstm_attention
103228	Sexism	lstm_attention
295335	None	lstm_attention
316645	None	lstm_attention
645657	None	lstm_attention
205048	None	lstm_attention
169403	Sexism	lstm_attention
471808	None	lstm_attention
548377	None	lstm_attention
574374	None	lstm_attention
376266	None	lstm_attention
137128	None	lstm_attention
84681	None	lstm_attention
869682	None	lstm_attention
522322	None	lstm_attention
620454	None	lstm_attention
902649	None	lstm_attention
69156	None	lstm_attention
821418	None	lstm_attention
299047	None	lstm_attention
470685	None	lstm_attention
174808	None	lstm_attention
926452	None	lstm_attention
875164	None	lstm_attention
365347	None	lstm_attention
836477	None	lstm_attention
905476	None	lstm_attention
936688	None	lstm_attention
560260	None	lstm_attention
412196	None	lstm_attention
520253	None	lstm_attention
2167	None	lstm_attention
779149	None	lstm_attention
914749	None	lstm_attention
190492	None	lstm_attention
179549	None	lstm_attention
32044	None	lstm_attention
313219	None	lstm_attention
621571	None	lstm_attention
937290	None	lstm_attention
308142	None	lstm_attention
815069	None	lstm_attention
186811	None	lstm_attention
771777	None	lstm_attention
33082	None	lstm_attention
403175	None	lstm_attention
482237	None	lstm_attention
167408	None	lstm_attention
424508	None	lstm_attention
466439	None	lstm_attention
804184	None	lstm_attention
889384	None	lstm_attention
80815	None	lstm_attention
343649	None	lstm_attention
358043	None	lstm_attention
612105	None	lstm_attention
62235	None	lstm_attention
214701	Sexism	lstm_attention
864286	None	lstm_attention
33526	None	lstm_attention
461360	None	lstm_attention
637121	None	lstm_attention
539351	None	lstm_attention
442711	Sexism	lstm_attention
854642	None	lstm_attention
380082	None	lstm_attention
262039	None	lstm_attention
131765	None	lstm_attention
461120	None	lstm_attention
486207	None	lstm_attention
585797	None	lstm_attention
347925	None	lstm_attention
149746	None	lstm_attention
648789	None	lstm_attention
827712	None	lstm_attention
289491	None	lstm_attention
114350	None	lstm_attention
647470	None	lstm_attention
628702	None	lstm_attention
333078	None	lstm_attention
194388	None	lstm_attention
403332	None	lstm_attention
261772	None	lstm_attention
562636	None	lstm_attention
497449	None	lstm_attention
578764	None	lstm_attention
843620	None	lstm_attention
152036	None	lstm_attention
406570	None	lstm_attention
288559	None	lstm_attention
483883	None	lstm_attention
913373	None	lstm_attention
927437	None	lstm_attention
269342	None	lstm_attention
885094	None	lstm_attention
721480	None	lstm_attention
849005	None	lstm_attention
498494	None	lstm_attention
476169	None	lstm_attention
450992	None	lstm_attention
237824	None	lstm_attention
616971	None	lstm_attention
503134	None	lstm_attention
300697	None	lstm_attention
341752	None	lstm_attention
389232	None	lstm_attention
165711	None	lstm_attention
595882	None	lstm_attention
461321	None	lstm_attention
534246	None	lstm_attention
167959	None	lstm_attention
663255	None	lstm_attention
491560	None	lstm_attention
759859	None	lstm_attention
933842	None	lstm_attention
447129	None	lstm_attention
77357	None	lstm_attention
843342	None	lstm_attention
762831	None	lstm_attention
495779	None	lstm_attention
110324	None	lstm_attention
748744	None	lstm_attention
267627	None	lstm_attention
28570	None	lstm_attention
114389	None	lstm_attention
917265	None	lstm_attention
861949	None	lstm_attention
835845	None	lstm_attention
817301	None	lstm_attention
155697	Sexism	lstm_attention
776060	None	lstm_attention
140203	None	lstm_attention
551159	None	lstm_attention
303964	None	lstm_attention
359310	None	lstm_attention
814630	None	lstm_attention
724406	None	lstm_attention
345485	None	lstm_attention
923533	None	lstm_attention
879480	None	lstm_attention
29455	None	lstm_attention
6905	None	lstm_attention
857239	None	lstm_attention
375203	None	lstm_attention
239594	None	lstm_attention
397239	None	lstm_attention
927497	None	lstm_attention
448887	None	lstm_attention
196093	None	lstm_attention
707921	None	lstm_attention
141474	None	lstm_attention
244709	None	lstm_attention
145485	None	lstm_attention
236687	None	lstm_attention
7891	None	lstm_attention
155340	None	lstm_attention
430072	None	lstm_attention
172675	None	lstm_attention
125198	None	lstm_attention
53219	None	lstm_attention
741755	None	lstm_attention
527271	None	lstm_attention
452267	Sexism	lstm_attention
760668	None	lstm_attention
618519	None	lstm_attention
283486	None	lstm_attention
896974	None	lstm_attention
391677	None	lstm_attention
520670	None	lstm_attention
233592	None	lstm_attention
755934	None	lstm_attention
384551	None	lstm_attention
589893	None	lstm_attention
286092	None	lstm_attention
87617	Sexism	lstm_attention
110536	None	lstm_attention
52958	None	lstm_attention
458404	Sexism	lstm_attention
566519	Sexism	lstm_attention
610780	None	lstm_attention
209532	None	lstm_attention
250419	None	lstm_attention
195314	None	lstm_attention
393437	None	lstm_attention
205708	None	lstm_attention
891127	None	lstm_attention
805521	None	lstm_attention
117548	None	lstm_attention
246624	None	lstm_attention
506244	None	lstm_attention
509687	None	lstm_attention
289677	None	lstm_attention
335025	None	lstm_attention
822377	None	lstm_attention
527383	None	lstm_attention
424353	Sexism	lstm_attention
194135	None	lstm_attention
648640	None	lstm_attention
9427	None	lstm_attention
873869	None	lstm_attention
362074	None	lstm_attention
576729	None	lstm_attention
693527	None	lstm_attention
322553	None	lstm_attention
497543	None	lstm_attention
682727	None	lstm_attention
496534	None	lstm_attention
547405	None	lstm_attention
586467	None	lstm_attention
109766	None	lstm_attention
364975	None	lstm_attention
652511	None	lstm_attention
132343	None	lstm_attention
927703	None	lstm_attention
560305	None	lstm_attention
710998	None	lstm_attention
683040	None	lstm_attention
242895	None	lstm_attention
1933	None	lstm_attention
486726	None	lstm_attention
666424	None	lstm_attention
339870	None	lstm_attention
4331	None	lstm_attention
839398	None	lstm_attention
382216	None	lstm_attention
496082	None	lstm_attention
684296	None	lstm_attention
114508	None	lstm_attention
736996	None	lstm_attention
646381	None	lstm_attention
262330	None	lstm_attention
289463	None	lstm_attention
622294	None	lstm_attention
269050	None	lstm_attention
630616	None	lstm_attention
796750	None	lstm_attention
256089	Sexism	lstm_attention
909380	None	lstm_attention
778	None	lstm_attention
812526	None	lstm_attention
361081	None	lstm_attention
397486	None	lstm_attention
370000	None	lstm_attention
424535	None	lstm_attention
715610	None	lstm_attention
109305	None	lstm_attention
809961	None	lstm_attention
93573	None	lstm_attention
313102	None	lstm_attention
595589	None	lstm_attention
792217	None	lstm_attention
401393	Sexism	lstm_attention
642501	None	lstm_attention
454025	None	lstm_attention
425967	None	lstm_attention
17514	None	lstm_attention
173438	None	lstm_attention
492943	None	lstm_attention
432564	None	lstm_attention
391327	None	lstm_attention
683088	Sexism	lstm_attention
218139	None	lstm_attention
39131	Sexism	lstm_attention
531057	None	lstm_attention
315983	None	lstm_attention
41430	None	lstm_attention
523176	None	lstm_attention
419632	Sexism	lstm_attention
914780	None	lstm_attention
729474	None	lstm_attention
419256	None	lstm_attention
78729	None	lstm_attention
500711	None	lstm_attention
322905	None	lstm_attention
268247	None	lstm_attention
545088	None	lstm_attention
652752	None	lstm_attention
22670	None	lstm_attention
719828	None	lstm_attention
574934	None	lstm_attention
566019	None	lstm_attention
716179	None	lstm_attention
10820	None	lstm_attention
304434	None	lstm_attention
870604	None	lstm_attention
761622	None	lstm_attention
863110	None	lstm_attention
147674	None	lstm_attention
10812	None	lstm_attention
312994	None	lstm_attention
875401	None	lstm_attention
734189	None	lstm_attention
602118	None	lstm_attention
65083	None	lstm_attention
892059	None	lstm_attention
463607	None	lstm_attention
689129	None	lstm_attention
650278	None	lstm_attention
501371	Sexism	lstm_attention
739258	None	lstm_attention
692520	None	lstm_attention
508400	None	lstm_attention
20488	None	lstm_attention
406730	None	lstm_attention
436406	None	lstm_attention
331150	None	lstm_attention
120657	None	lstm_attention
924173	None	lstm_attention
105527	None	lstm_attention
745765	None	lstm_attention
717745	None	lstm_attention
726657	None	lstm_attention
354360	None	lstm_attention
46157	None	lstm_attention
280837	None	lstm_attention
189579	None	lstm_attention
863341	None	lstm_attention
427293	None	lstm_attention
51238	None	lstm_attention
258212	None	lstm_attention
886930	None	lstm_attention
570426	None	lstm_attention
278931	None	lstm_attention
510657	None	lstm_attention
602789	None	lstm_attention
866305	None	lstm_attention
934049	None	lstm_attention
146260	None	lstm_attention
168131	None	lstm_attention
710268	None	lstm_attention
201234	None	lstm_attention
137049	Sexism	lstm_attention
262717	None	lstm_attention
220124	None	lstm_attention
307806	None	lstm_attention
605409	None	lstm_attention
384402	None	lstm_attention
697635	None	lstm_attention
721472	None	lstm_attention
791762	None	lstm_attention
316652	None	lstm_attention
887215	None	lstm_attention
914909	None	lstm_attention
685684	None	lstm_attention
326738	None	lstm_attention
841783	None	lstm_attention
511643	Sexism	lstm_attention
40308	None	lstm_attention
838584	None	lstm_attention
746668	None	lstm_attention
145613	Sexism	lstm_attention
257366	Sexism	lstm_attention
706991	None	lstm_attention
761545	None	lstm_attention
314134	None	lstm_attention
742594	None	lstm_attention
480467	None	lstm_attention
166983	None	lstm_attention
246851	None	lstm_attention
509656	None	lstm_attention
810103	None	lstm_attention
306498	None	lstm_attention
458521	None	lstm_attention
194553	None	lstm_attention
577334	None	lstm_attention
919153	None	lstm_attention
323699	None	lstm_attention
301853	None	lstm_attention
272761	Sexism	lstm_attention
387996	None	lstm_attention
199317	None	lstm_attention
843517	None	lstm_attention
756751	None	lstm_attention
802792	None	lstm_attention
4108	None	lstm_attention
594826	Sexism	lstm_attention
239590	None	lstm_attention
414415	None	lstm_attention
620296	None	lstm_attention
843329	Sexism	lstm_attention
272703	None	lstm_attention
96967	None	lstm_attention
684514	None	lstm_attention
363925	None	lstm_attention
701831	None	lstm_attention
570642	None	lstm_attention
351163	None	lstm_attention
544574	None	lstm_attention
895025	None	lstm_attention
140578	None	lstm_attention
798880	None	lstm_attention
658158	None	lstm_attention
470670	None	lstm_attention
491299	None	lstm_attention
923599	None	lstm_attention
699500	None	lstm_attention
402499	None	lstm_attention
882133	None	lstm_attention
930565	None	lstm_attention
179809	None	lstm_attention
802404	None	lstm_attention
134679	None	lstm_attention
915608	None	lstm_attention
789848	None	lstm_attention
186151	None	lstm_attention
566111	None	lstm_attention
712786	None	lstm_attention
18233	None	lstm_attention
448663	None	lstm_attention
101726	None	lstm_attention
137172	None	lstm_attention
130592	None	lstm_attention
289339	None	lstm_attention
268238	None	lstm_attention
778844	None	lstm_attention
619989	None	lstm_attention
295113	None	lstm_attention
510523	None	lstm_attention
874338	None	lstm_attention
375992	None	lstm_attention
143018	None	lstm_attention
449384	None	lstm_attention
668450	None	lstm_attention
900460	None	lstm_attention
782027	None	lstm_attention
248320	None	lstm_attention
903520	None	lstm_attention
321366	None	lstm_attention
53970	None	lstm_attention
408408	None	lstm_attention
825847	None	lstm_attention
512939	None	lstm_attention
757889	Sexism	lstm_attention
843487	None	lstm_attention
312978	None	lstm_attention
763921	None	lstm_attention
570935	Sexism	lstm_attention
251505	None	lstm_attention
226424	None	lstm_attention
670694	None	lstm_attention
823738	None	lstm_attention
708856	None	lstm_attention
692533	None	lstm_attention
328000	None	lstm_attention
821624	None	lstm_attention
888369	None	lstm_attention
775464	None	lstm_attention
378095	None	lstm_attention
415921	None	lstm_attention
317166	None	lstm_attention
769119	None	lstm_attention
281010	None	lstm_attention
535819	None	lstm_attention
479402	None	lstm_attention
790291	None	lstm_attention
779950	None	lstm_attention
219128	None	lstm_attention
152210	None	lstm_attention
116919	None	lstm_attention
124279	None	lstm_attention
148529	None	lstm_attention
664652	None	lstm_attention
695137	None	lstm_attention
936459	None	lstm_attention
175827	None	lstm_attention
913351	None	lstm_attention
643267	None	lstm_attention
530943	None	lstm_attention
46609	None	lstm_attention
415153	None	lstm_attention
436911	None	lstm_attention
474833	None	lstm_attention
17874	None	lstm_attention
471347	None	lstm_attention
213176	None	lstm_attention
527476	None	lstm_attention
815877	None	lstm_attention
677021	None	lstm_attention
240874	None	lstm_attention
794742	None	lstm_attention
73385	None	lstm_attention
303942	None	lstm_attention
262531	None	lstm_attention
469724	None	lstm_attention
826071	None	lstm_attention
876469	None	lstm_attention
572805	None	lstm_attention
54874	None	lstm_attention
593727	None	lstm_attention
10377	None	lstm_attention
682060	Sexism	lstm_attention
275312	None	lstm_attention
692021	None	lstm_attention
847734	None	lstm_attention
94130	None	lstm_attention
718967	None	lstm_attention
763014	None	lstm_attention
731570	None	lstm_attention
740982	None	lstm_attention
866626	None	lstm_attention
729076	None	lstm_attention
895537	None	lstm_attention
392555	None	lstm_attention
250047	None	lstm_attention
315945	None	lstm_attention
707668	Sexism	lstm_attention
175422	None	lstm_attention
26180	None	lstm_attention
638766	None	lstm_attention
728323	None	lstm_attention
82810	None	lstm_attention
282591	None	lstm_attention
161178	None	lstm_attention
740696	None	lstm_attention
348504	None	lstm_attention
845443	None	lstm_attention
776466	None	lstm_attention
849227	None	lstm_attention
532697	None	lstm_attention
861411	None	lstm_attention
743242	None	lstm_attention
