id	label	model
879187	None	csebuetnlp/banglabert
316919	Organization	csebuetnlp/banglabert
916242	None	csebuetnlp/banglabert
786824	None	csebuetnlp/banglabert
47284	None	csebuetnlp/banglabert
51359	Individual	csebuetnlp/banglabert
327639	None	csebuetnlp/banglabert
925152	Community	csebuetnlp/banglabert
432602	None	csebuetnlp/banglabert
540917	Organization	csebuetnlp/banglabert
259015	None	csebuetnlp/banglabert
119485	None	csebuetnlp/banglabert
629565	None	csebuetnlp/banglabert
223268	Individual	csebuetnlp/banglabert
91157	Organization	csebuetnlp/banglabert
123076	Community	csebuetnlp/banglabert
301408	None	csebuetnlp/banglabert
153221	None	csebuetnlp/banglabert
713730	None	csebuetnlp/banglabert
104093	Organization	csebuetnlp/banglabert
284969	Individual	csebuetnlp/banglabert
154146	Individual	csebuetnlp/banglabert
903474	None	csebuetnlp/banglabert
310847	Community	csebuetnlp/banglabert
618320	None	csebuetnlp/banglabert
219771	None	csebuetnlp/banglabert
137796	None	csebuetnlp/banglabert
557214	Organization	csebuetnlp/banglabert
639414	None	csebuetnlp/banglabert
499556	Organization	csebuetnlp/banglabert
874903	None	csebuetnlp/banglabert
242561	None	csebuetnlp/banglabert
170696	None	csebuetnlp/banglabert
400293	Organization	csebuetnlp/banglabert
345498	None	csebuetnlp/banglabert
682342	None	csebuetnlp/banglabert
103754	Individual	csebuetnlp/banglabert
763773	None	csebuetnlp/banglabert
366364	Society	csebuetnlp/banglabert
748942	None	csebuetnlp/banglabert
108952	None	csebuetnlp/banglabert
852650	Individual	csebuetnlp/banglabert
638113	Society	csebuetnlp/banglabert
788538	Society	csebuetnlp/banglabert
677410	None	csebuetnlp/banglabert
194546	Individual	csebuetnlp/banglabert
645529	Individual	csebuetnlp/banglabert
924142	None	csebuetnlp/banglabert
69380	Individual	csebuetnlp/banglabert
748478	None	csebuetnlp/banglabert
645018	None	csebuetnlp/banglabert
295794	None	csebuetnlp/banglabert
63426	Community	csebuetnlp/banglabert
63116	Organization	csebuetnlp/banglabert
551400	None	csebuetnlp/banglabert
835607	Organization	csebuetnlp/banglabert
103869	None	csebuetnlp/banglabert
562502	Organization	csebuetnlp/banglabert
472928	None	csebuetnlp/banglabert
319508	None	csebuetnlp/banglabert
545961	None	csebuetnlp/banglabert
698843	None	csebuetnlp/banglabert
590762	None	csebuetnlp/banglabert
878482	None	csebuetnlp/banglabert
451314	Community	csebuetnlp/banglabert
88129	Organization	csebuetnlp/banglabert
189525	Community	csebuetnlp/banglabert
379097	Organization	csebuetnlp/banglabert
864667	None	csebuetnlp/banglabert
780940	None	csebuetnlp/banglabert
577465	Individual	csebuetnlp/banglabert
201744	Individual	csebuetnlp/banglabert
5641	Individual	csebuetnlp/banglabert
110529	Organization	csebuetnlp/banglabert
732060	None	csebuetnlp/banglabert
899521	None	csebuetnlp/banglabert
217414	Organization	csebuetnlp/banglabert
364331	Organization	csebuetnlp/banglabert
220584	None	csebuetnlp/banglabert
521448	None	csebuetnlp/banglabert
235213	Community	csebuetnlp/banglabert
288321	Individual	csebuetnlp/banglabert
444659	None	csebuetnlp/banglabert
288470	Organization	csebuetnlp/banglabert
602580	None	csebuetnlp/banglabert
505064	Community	csebuetnlp/banglabert
220958	None	csebuetnlp/banglabert
208873	None	csebuetnlp/banglabert
905717	Individual	csebuetnlp/banglabert
753381	None	csebuetnlp/banglabert
189967	Organization	csebuetnlp/banglabert
55334	Individual	csebuetnlp/banglabert
585271	Society	csebuetnlp/banglabert
284428	Organization	csebuetnlp/banglabert
333828	None	csebuetnlp/banglabert
268077	Organization	csebuetnlp/banglabert
791784	Society	csebuetnlp/banglabert
29385	None	csebuetnlp/banglabert
721154	None	csebuetnlp/banglabert
53445	None	csebuetnlp/banglabert
849367	Individual	csebuetnlp/banglabert
776247	None	csebuetnlp/banglabert
194347	Individual	csebuetnlp/banglabert
875084	None	csebuetnlp/banglabert
429185	None	csebuetnlp/banglabert
869559	None	csebuetnlp/banglabert
551711	None	csebuetnlp/banglabert
459530	None	csebuetnlp/banglabert
371844	Community	csebuetnlp/banglabert
678759	None	csebuetnlp/banglabert
928871	None	csebuetnlp/banglabert
938337	None	csebuetnlp/banglabert
486005	Individual	csebuetnlp/banglabert
739268	None	csebuetnlp/banglabert
256855	None	csebuetnlp/banglabert
57158	Individual	csebuetnlp/banglabert
492274	Individual	csebuetnlp/banglabert
177187	None	csebuetnlp/banglabert
323380	Individual	csebuetnlp/banglabert
736173	Organization	csebuetnlp/banglabert
655076	None	csebuetnlp/banglabert
636680	Organization	csebuetnlp/banglabert
319075	None	csebuetnlp/banglabert
183674	Organization	csebuetnlp/banglabert
556548	Community	csebuetnlp/banglabert
268230	None	csebuetnlp/banglabert
732875	None	csebuetnlp/banglabert
212780	Organization	csebuetnlp/banglabert
915594	None	csebuetnlp/banglabert
187124	Organization	csebuetnlp/banglabert
376637	Society	csebuetnlp/banglabert
237536	None	csebuetnlp/banglabert
727320	Society	csebuetnlp/banglabert
62305	None	csebuetnlp/banglabert
518275	None	csebuetnlp/banglabert
190205	None	csebuetnlp/banglabert
682947	None	csebuetnlp/banglabert
843536	None	csebuetnlp/banglabert
298286	Organization	csebuetnlp/banglabert
260368	Organization	csebuetnlp/banglabert
109120	None	csebuetnlp/banglabert
732085	None	csebuetnlp/banglabert
587177	None	csebuetnlp/banglabert
219166	Individual	csebuetnlp/banglabert
712397	None	csebuetnlp/banglabert
744608	None	csebuetnlp/banglabert
839392	None	csebuetnlp/banglabert
567799	None	csebuetnlp/banglabert
357344	Organization	csebuetnlp/banglabert
646789	Organization	csebuetnlp/banglabert
144730	None	csebuetnlp/banglabert
606121	None	csebuetnlp/banglabert
663589	None	csebuetnlp/banglabert
175058	None	csebuetnlp/banglabert
602882	Organization	csebuetnlp/banglabert
865744	None	csebuetnlp/banglabert
15148	None	csebuetnlp/banglabert
714172	Community	csebuetnlp/banglabert
919656	Individual	csebuetnlp/banglabert
641435	None	csebuetnlp/banglabert
542675	Organization	csebuetnlp/banglabert
97962	Individual	csebuetnlp/banglabert
35543	None	csebuetnlp/banglabert
249438	None	csebuetnlp/banglabert
45817	Society	csebuetnlp/banglabert
846205	Individual	csebuetnlp/banglabert
684720	None	csebuetnlp/banglabert
659930	Organization	csebuetnlp/banglabert
446120	None	csebuetnlp/banglabert
315323	Individual	csebuetnlp/banglabert
533231	None	csebuetnlp/banglabert
103313	Organization	csebuetnlp/banglabert
484049	None	csebuetnlp/banglabert
258145	Individual	csebuetnlp/banglabert
255461	Individual	csebuetnlp/banglabert
582412	Individual	csebuetnlp/banglabert
541719	Community	csebuetnlp/banglabert
400986	None	csebuetnlp/banglabert
547162	Individual	csebuetnlp/banglabert
444235	Society	csebuetnlp/banglabert
349790	Community	csebuetnlp/banglabert
1698	None	csebuetnlp/banglabert
733055	None	csebuetnlp/banglabert
358186	None	csebuetnlp/banglabert
272026	None	csebuetnlp/banglabert
843498	None	csebuetnlp/banglabert
903157	Individual	csebuetnlp/banglabert
869323	None	csebuetnlp/banglabert
314731	Individual	csebuetnlp/banglabert
923983	Individual	csebuetnlp/banglabert
467220	None	csebuetnlp/banglabert
203763	Individual	csebuetnlp/banglabert
254343	Community	csebuetnlp/banglabert
753995	None	csebuetnlp/banglabert
577269	None	csebuetnlp/banglabert
140440	None	csebuetnlp/banglabert
327128	Community	csebuetnlp/banglabert
742109	None	csebuetnlp/banglabert
339941	None	csebuetnlp/banglabert
648055	None	csebuetnlp/banglabert
271686	None	csebuetnlp/banglabert
167523	Community	csebuetnlp/banglabert
565237	Individual	csebuetnlp/banglabert
326583	Individual	csebuetnlp/banglabert
521049	None	csebuetnlp/banglabert
635150	None	csebuetnlp/banglabert
667038	None	csebuetnlp/banglabert
533234	None	csebuetnlp/banglabert
49935	Community	csebuetnlp/banglabert
132749	None	csebuetnlp/banglabert
526931	None	csebuetnlp/banglabert
120887	None	csebuetnlp/banglabert
148965	Individual	csebuetnlp/banglabert
785355	Society	csebuetnlp/banglabert
904080	None	csebuetnlp/banglabert
242296	Community	csebuetnlp/banglabert
505804	None	csebuetnlp/banglabert
28164	None	csebuetnlp/banglabert
287563	Organization	csebuetnlp/banglabert
866300	None	csebuetnlp/banglabert
846915	None	csebuetnlp/banglabert
363471	Individual	csebuetnlp/banglabert
376108	Society	csebuetnlp/banglabert
725247	Society	csebuetnlp/banglabert
917058	Individual	csebuetnlp/banglabert
936170	None	csebuetnlp/banglabert
632147	None	csebuetnlp/banglabert
71795	Organization	csebuetnlp/banglabert
886268	None	csebuetnlp/banglabert
22299	Community	csebuetnlp/banglabert
727182	None	csebuetnlp/banglabert
565081	None	csebuetnlp/banglabert
599305	Individual	csebuetnlp/banglabert
443980	None	csebuetnlp/banglabert
765765	None	csebuetnlp/banglabert
473418	None	csebuetnlp/banglabert
544646	None	csebuetnlp/banglabert
351344	None	csebuetnlp/banglabert
697214	None	csebuetnlp/banglabert
371187	None	csebuetnlp/banglabert
121250	Organization	csebuetnlp/banglabert
20874	None	csebuetnlp/banglabert
850266	None	csebuetnlp/banglabert
439950	Individual	csebuetnlp/banglabert
427668	None	csebuetnlp/banglabert
60444	None	csebuetnlp/banglabert
659301	None	csebuetnlp/banglabert
592983	None	csebuetnlp/banglabert
827694	Community	csebuetnlp/banglabert
566134	Individual	csebuetnlp/banglabert
355167	None	csebuetnlp/banglabert
350908	None	csebuetnlp/banglabert
332323	None	csebuetnlp/banglabert
454987	Organization	csebuetnlp/banglabert
170966	None	csebuetnlp/banglabert
56299	Individual	csebuetnlp/banglabert
53232	None	csebuetnlp/banglabert
649211	None	csebuetnlp/banglabert
390308	Individual	csebuetnlp/banglabert
488779	Community	csebuetnlp/banglabert
215984	Organization	csebuetnlp/banglabert
628026	Individual	csebuetnlp/banglabert
368087	None	csebuetnlp/banglabert
875776	Individual	csebuetnlp/banglabert
831832	Organization	csebuetnlp/banglabert
569593	Organization	csebuetnlp/banglabert
469197	None	csebuetnlp/banglabert
390574	None	csebuetnlp/banglabert
436078	Organization	csebuetnlp/banglabert
72621	Organization	csebuetnlp/banglabert
265323	None	csebuetnlp/banglabert
476101	Community	csebuetnlp/banglabert
104541	Organization	csebuetnlp/banglabert
446025	Society	csebuetnlp/banglabert
731432	Community	csebuetnlp/banglabert
162796	None	csebuetnlp/banglabert
120013	None	csebuetnlp/banglabert
836767	None	csebuetnlp/banglabert
843079	Society	csebuetnlp/banglabert
97007	None	csebuetnlp/banglabert
328435	Individual	csebuetnlp/banglabert
779718	Community	csebuetnlp/banglabert
419606	None	csebuetnlp/banglabert
920869	Organization	csebuetnlp/banglabert
664800	Organization	csebuetnlp/banglabert
98071	None	csebuetnlp/banglabert
842810	Community	csebuetnlp/banglabert
19398	Society	csebuetnlp/banglabert
564701	Individual	csebuetnlp/banglabert
573270	None	csebuetnlp/banglabert
593127	Society	csebuetnlp/banglabert
102435	None	csebuetnlp/banglabert
256050	None	csebuetnlp/banglabert
81593	None	csebuetnlp/banglabert
632323	None	csebuetnlp/banglabert
825656	None	csebuetnlp/banglabert
566899	None	csebuetnlp/banglabert
510731	None	csebuetnlp/banglabert
384979	None	csebuetnlp/banglabert
144849	None	csebuetnlp/banglabert
79787	None	csebuetnlp/banglabert
910730	None	csebuetnlp/banglabert
363532	None	csebuetnlp/banglabert
620917	None	csebuetnlp/banglabert
600432	None	csebuetnlp/banglabert
581971	None	csebuetnlp/banglabert
685765	Organization	csebuetnlp/banglabert
706846	None	csebuetnlp/banglabert
266829	Individual	csebuetnlp/banglabert
557555	None	csebuetnlp/banglabert
496625	Community	csebuetnlp/banglabert
178872	None	csebuetnlp/banglabert
711143	None	csebuetnlp/banglabert
332460	None	csebuetnlp/banglabert
29919	Organization	csebuetnlp/banglabert
655611	None	csebuetnlp/banglabert
669537	None	csebuetnlp/banglabert
208251	Community	csebuetnlp/banglabert
866998	Society	csebuetnlp/banglabert
143177	Individual	csebuetnlp/banglabert
769023	None	csebuetnlp/banglabert
396646	Community	csebuetnlp/banglabert
225407	Community	csebuetnlp/banglabert
359767	None	csebuetnlp/banglabert
123345	Organization	csebuetnlp/banglabert
283543	Individual	csebuetnlp/banglabert
542107	None	csebuetnlp/banglabert
152502	None	csebuetnlp/banglabert
146539	None	csebuetnlp/banglabert
357373	None	csebuetnlp/banglabert
25777	None	csebuetnlp/banglabert
746972	None	csebuetnlp/banglabert
270762	Community	csebuetnlp/banglabert
558844	None	csebuetnlp/banglabert
740225	None	csebuetnlp/banglabert
886666	None	csebuetnlp/banglabert
606932	None	csebuetnlp/banglabert
209217	None	csebuetnlp/banglabert
777488	Society	csebuetnlp/banglabert
130669	Community	csebuetnlp/banglabert
762285	Society	csebuetnlp/banglabert
685431	Society	csebuetnlp/banglabert
771815	None	csebuetnlp/banglabert
252415	Individual	csebuetnlp/banglabert
687596	None	csebuetnlp/banglabert
242766	Individual	csebuetnlp/banglabert
447554	None	csebuetnlp/banglabert
427243	Community	csebuetnlp/banglabert
140278	None	csebuetnlp/banglabert
401449	None	csebuetnlp/banglabert
765938	Society	csebuetnlp/banglabert
133168	None	csebuetnlp/banglabert
306158	None	csebuetnlp/banglabert
637422	None	csebuetnlp/banglabert
663885	None	csebuetnlp/banglabert
291989	None	csebuetnlp/banglabert
298326	None	csebuetnlp/banglabert
799266	None	csebuetnlp/banglabert
779258	None	csebuetnlp/banglabert
546084	None	csebuetnlp/banglabert
781242	Individual	csebuetnlp/banglabert
602262	None	csebuetnlp/banglabert
773036	None	csebuetnlp/banglabert
377308	None	csebuetnlp/banglabert
142631	Organization	csebuetnlp/banglabert
895459	None	csebuetnlp/banglabert
787010	None	csebuetnlp/banglabert
645662	None	csebuetnlp/banglabert
45403	None	csebuetnlp/banglabert
267853	None	csebuetnlp/banglabert
917758	None	csebuetnlp/banglabert
426332	None	csebuetnlp/banglabert
422595	None	csebuetnlp/banglabert
691331	None	csebuetnlp/banglabert
610080	None	csebuetnlp/banglabert
501233	None	csebuetnlp/banglabert
131294	None	csebuetnlp/banglabert
815428	Society	csebuetnlp/banglabert
195149	Community	csebuetnlp/banglabert
207721	Individual	csebuetnlp/banglabert
416773	None	csebuetnlp/banglabert
313335	Individual	csebuetnlp/banglabert
329274	None	csebuetnlp/banglabert
508798	Individual	csebuetnlp/banglabert
868978	None	csebuetnlp/banglabert
310124	None	csebuetnlp/banglabert
785154	None	csebuetnlp/banglabert
535201	None	csebuetnlp/banglabert
626322	None	csebuetnlp/banglabert
890167	Individual	csebuetnlp/banglabert
184776	Individual	csebuetnlp/banglabert
390461	Society	csebuetnlp/banglabert
503090	Community	csebuetnlp/banglabert
461035	Community	csebuetnlp/banglabert
619709	None	csebuetnlp/banglabert
890283	Organization	csebuetnlp/banglabert
132888	None	csebuetnlp/banglabert
17079	Society	csebuetnlp/banglabert
218300	Organization	csebuetnlp/banglabert
345231	None	csebuetnlp/banglabert
285893	None	csebuetnlp/banglabert
632928	None	csebuetnlp/banglabert
479465	None	csebuetnlp/banglabert
2602	Community	csebuetnlp/banglabert
85641	None	csebuetnlp/banglabert
682701	None	csebuetnlp/banglabert
436258	Individual	csebuetnlp/banglabert
114639	None	csebuetnlp/banglabert
674071	None	csebuetnlp/banglabert
244282	None	csebuetnlp/banglabert
318350	None	csebuetnlp/banglabert
553375	Society	csebuetnlp/banglabert
135830	Individual	csebuetnlp/banglabert
260169	Individual	csebuetnlp/banglabert
553667	None	csebuetnlp/banglabert
183040	Individual	csebuetnlp/banglabert
680751	None	csebuetnlp/banglabert
274955	Organization	csebuetnlp/banglabert
370027	None	csebuetnlp/banglabert
121905	None	csebuetnlp/banglabert
440653	None	csebuetnlp/banglabert
732217	None	csebuetnlp/banglabert
618508	Organization	csebuetnlp/banglabert
90671	None	csebuetnlp/banglabert
322046	None	csebuetnlp/banglabert
843688	Individual	csebuetnlp/banglabert
645379	Individual	csebuetnlp/banglabert
228279	Organization	csebuetnlp/banglabert
26128	None	csebuetnlp/banglabert
95316	Organization	csebuetnlp/banglabert
161304	None	csebuetnlp/banglabert
770118	None	csebuetnlp/banglabert
219678	Organization	csebuetnlp/banglabert
783494	None	csebuetnlp/banglabert
422409	None	csebuetnlp/banglabert
38646	None	csebuetnlp/banglabert
231486	Individual	csebuetnlp/banglabert
443053	None	csebuetnlp/banglabert
97738	Organization	csebuetnlp/banglabert
493860	None	csebuetnlp/banglabert
67696	Organization	csebuetnlp/banglabert
547919	Individual	csebuetnlp/banglabert
339308	None	csebuetnlp/banglabert
43011	None	csebuetnlp/banglabert
795119	None	csebuetnlp/banglabert
292726	Society	csebuetnlp/banglabert
180440	None	csebuetnlp/banglabert
198740	Individual	csebuetnlp/banglabert
773993	None	csebuetnlp/banglabert
190166	Individual	csebuetnlp/banglabert
201671	Individual	csebuetnlp/banglabert
857416	Individual	csebuetnlp/banglabert
926290	None	csebuetnlp/banglabert
19835	None	csebuetnlp/banglabert
359775	Community	csebuetnlp/banglabert
625911	Community	csebuetnlp/banglabert
324644	None	csebuetnlp/banglabert
561231	None	csebuetnlp/banglabert
486277	Society	csebuetnlp/banglabert
699555	None	csebuetnlp/banglabert
796009	None	csebuetnlp/banglabert
442802	None	csebuetnlp/banglabert
345862	None	csebuetnlp/banglabert
577567	Individual	csebuetnlp/banglabert
917536	None	csebuetnlp/banglabert
465219	None	csebuetnlp/banglabert
202537	None	csebuetnlp/banglabert
810678	Organization	csebuetnlp/banglabert
471847	Organization	csebuetnlp/banglabert
451450	None	csebuetnlp/banglabert
231023	None	csebuetnlp/banglabert
464828	None	csebuetnlp/banglabert
736021	None	csebuetnlp/banglabert
17036	Community	csebuetnlp/banglabert
676426	None	csebuetnlp/banglabert
351306	None	csebuetnlp/banglabert
628567	None	csebuetnlp/banglabert
495615	None	csebuetnlp/banglabert
248858	Organization	csebuetnlp/banglabert
323407	None	csebuetnlp/banglabert
800267	None	csebuetnlp/banglabert
924086	None	csebuetnlp/banglabert
332310	None	csebuetnlp/banglabert
2399	Community	csebuetnlp/banglabert
642008	Organization	csebuetnlp/banglabert
579150	None	csebuetnlp/banglabert
532008	Individual	csebuetnlp/banglabert
920515	Organization	csebuetnlp/banglabert
928170	None	csebuetnlp/banglabert
115600	Society	csebuetnlp/banglabert
160611	None	csebuetnlp/banglabert
57343	Community	csebuetnlp/banglabert
233245	None	csebuetnlp/banglabert
160063	Community	csebuetnlp/banglabert
215216	None	csebuetnlp/banglabert
259716	Organization	csebuetnlp/banglabert
24649	Organization	csebuetnlp/banglabert
236647	None	csebuetnlp/banglabert
890600	Organization	csebuetnlp/banglabert
818229	None	csebuetnlp/banglabert
181400	Organization	csebuetnlp/banglabert
184128	None	csebuetnlp/banglabert
732571	Individual	csebuetnlp/banglabert
803103	Individual	csebuetnlp/banglabert
103559	Individual	csebuetnlp/banglabert
104069	Individual	csebuetnlp/banglabert
532685	None	csebuetnlp/banglabert
860196	None	csebuetnlp/banglabert
207034	None	csebuetnlp/banglabert
852222	Individual	csebuetnlp/banglabert
620269	None	csebuetnlp/banglabert
214987	Organization	csebuetnlp/banglabert
390209	Community	csebuetnlp/banglabert
828144	Society	csebuetnlp/banglabert
355435	None	csebuetnlp/banglabert
280909	Individual	csebuetnlp/banglabert
648822	None	csebuetnlp/banglabert
469956	None	csebuetnlp/banglabert
491045	Organization	csebuetnlp/banglabert
853713	None	csebuetnlp/banglabert
759980	None	csebuetnlp/banglabert
569003	Individual	csebuetnlp/banglabert
803693	Society	csebuetnlp/banglabert
481481	None	csebuetnlp/banglabert
853785	Individual	csebuetnlp/banglabert
451339	Individual	csebuetnlp/banglabert
434603	Organization	csebuetnlp/banglabert
776243	Individual	csebuetnlp/banglabert
857738	None	csebuetnlp/banglabert
657731	None	csebuetnlp/banglabert
309549	None	csebuetnlp/banglabert
935003	None	csebuetnlp/banglabert
837370	Organization	csebuetnlp/banglabert
832799	Society	csebuetnlp/banglabert
333504	Individual	csebuetnlp/banglabert
455676	None	csebuetnlp/banglabert
686341	None	csebuetnlp/banglabert
833132	Individual	csebuetnlp/banglabert
829417	None	csebuetnlp/banglabert
173721	None	csebuetnlp/banglabert
179807	None	csebuetnlp/banglabert
172129	Community	csebuetnlp/banglabert
309949	None	csebuetnlp/banglabert
868955	None	csebuetnlp/banglabert
649693	None	csebuetnlp/banglabert
90477	Individual	csebuetnlp/banglabert
150665	None	csebuetnlp/banglabert
539518	None	csebuetnlp/banglabert
6441	None	csebuetnlp/banglabert
316408	Individual	csebuetnlp/banglabert
673952	None	csebuetnlp/banglabert
51761	None	csebuetnlp/banglabert
754177	None	csebuetnlp/banglabert
931338	Individual	csebuetnlp/banglabert
522610	None	csebuetnlp/banglabert
27947	None	csebuetnlp/banglabert
653841	Community	csebuetnlp/banglabert
40916	None	csebuetnlp/banglabert
446133	None	csebuetnlp/banglabert
841967	None	csebuetnlp/banglabert
609657	None	csebuetnlp/banglabert
739084	None	csebuetnlp/banglabert
351764	None	csebuetnlp/banglabert
259184	None	csebuetnlp/banglabert
393117	Community	csebuetnlp/banglabert
328240	None	csebuetnlp/banglabert
468435	Organization	csebuetnlp/banglabert
541450	None	csebuetnlp/banglabert
723785	None	csebuetnlp/banglabert
276566	None	csebuetnlp/banglabert
606464	None	csebuetnlp/banglabert
126449	None	csebuetnlp/banglabert
75097	None	csebuetnlp/banglabert
191972	Individual	csebuetnlp/banglabert
837237	Individual	csebuetnlp/banglabert
400643	Society	csebuetnlp/banglabert
418393	Society	csebuetnlp/banglabert
910685	None	csebuetnlp/banglabert
617275	Individual	csebuetnlp/banglabert
494945	None	csebuetnlp/banglabert
318209	Individual	csebuetnlp/banglabert
696250	None	csebuetnlp/banglabert
360014	None	csebuetnlp/banglabert
578712	Organization	csebuetnlp/banglabert
127383	None	csebuetnlp/banglabert
452100	Individual	csebuetnlp/banglabert
936774	Society	csebuetnlp/banglabert
81295	None	csebuetnlp/banglabert
312562	None	csebuetnlp/banglabert
114169	None	csebuetnlp/banglabert
758394	None	csebuetnlp/banglabert
819133	Society	csebuetnlp/banglabert
427526	None	csebuetnlp/banglabert
200459	Individual	csebuetnlp/banglabert
716131	None	csebuetnlp/banglabert
416788	Organization	csebuetnlp/banglabert
444300	Community	csebuetnlp/banglabert
274190	None	csebuetnlp/banglabert
692604	None	csebuetnlp/banglabert
297287	None	csebuetnlp/banglabert
569220	Individual	csebuetnlp/banglabert
464993	Community	csebuetnlp/banglabert
219503	Organization	csebuetnlp/banglabert
603542	None	csebuetnlp/banglabert
910996	None	csebuetnlp/banglabert
733681	None	csebuetnlp/banglabert
682912	Individual	csebuetnlp/banglabert
79179	Organization	csebuetnlp/banglabert
185878	Individual	csebuetnlp/banglabert
429794	None	csebuetnlp/banglabert
37514	Individual	csebuetnlp/banglabert
677951	Individual	csebuetnlp/banglabert
606638	None	csebuetnlp/banglabert
667790	Organization	csebuetnlp/banglabert
404077	None	csebuetnlp/banglabert
664870	Organization	csebuetnlp/banglabert
82089	Community	csebuetnlp/banglabert
506355	Organization	csebuetnlp/banglabert
542327	None	csebuetnlp/banglabert
691922	None	csebuetnlp/banglabert
640273	None	csebuetnlp/banglabert
320130	None	csebuetnlp/banglabert
367958	None	csebuetnlp/banglabert
243866	None	csebuetnlp/banglabert
601147	Society	csebuetnlp/banglabert
641554	None	csebuetnlp/banglabert
454838	None	csebuetnlp/banglabert
327255	Individual	csebuetnlp/banglabert
271180	Individual	csebuetnlp/banglabert
452547	Organization	csebuetnlp/banglabert
627679	None	csebuetnlp/banglabert
651348	None	csebuetnlp/banglabert
328461	Individual	csebuetnlp/banglabert
839448	Organization	csebuetnlp/banglabert
623474	Society	csebuetnlp/banglabert
610269	None	csebuetnlp/banglabert
323389	Community	csebuetnlp/banglabert
629010	None	csebuetnlp/banglabert
9257	None	csebuetnlp/banglabert
17083	None	csebuetnlp/banglabert
797040	None	csebuetnlp/banglabert
422453	Organization	csebuetnlp/banglabert
514992	None	csebuetnlp/banglabert
107986	None	csebuetnlp/banglabert
887752	Individual	csebuetnlp/banglabert
452552	Community	csebuetnlp/banglabert
549245	None	csebuetnlp/banglabert
391592	None	csebuetnlp/banglabert
819745	None	csebuetnlp/banglabert
881262	None	csebuetnlp/banglabert
77103	Organization	csebuetnlp/banglabert
554417	Community	csebuetnlp/banglabert
556605	None	csebuetnlp/banglabert
145147	None	csebuetnlp/banglabert
693769	None	csebuetnlp/banglabert
330413	None	csebuetnlp/banglabert
181628	Organization	csebuetnlp/banglabert
744235	None	csebuetnlp/banglabert
235157	None	csebuetnlp/banglabert
3945	None	csebuetnlp/banglabert
592566	None	csebuetnlp/banglabert
822682	Individual	csebuetnlp/banglabert
398131	None	csebuetnlp/banglabert
815971	None	csebuetnlp/banglabert
6226	Community	csebuetnlp/banglabert
842029	Community	csebuetnlp/banglabert
230916	None	csebuetnlp/banglabert
358091	None	csebuetnlp/banglabert
118655	None	csebuetnlp/banglabert
81123	None	csebuetnlp/banglabert
424563	Community	csebuetnlp/banglabert
355947	None	csebuetnlp/banglabert
539022	None	csebuetnlp/banglabert
876492	None	csebuetnlp/banglabert
532223	Individual	csebuetnlp/banglabert
267304	Society	csebuetnlp/banglabert
361656	None	csebuetnlp/banglabert
175343	None	csebuetnlp/banglabert
499169	Individual	csebuetnlp/banglabert
425601	None	csebuetnlp/banglabert
336568	Individual	csebuetnlp/banglabert
244155	None	csebuetnlp/banglabert
25339	None	csebuetnlp/banglabert
843785	Individual	csebuetnlp/banglabert
816856	None	csebuetnlp/banglabert
466827	Individual	csebuetnlp/banglabert
30825	None	csebuetnlp/banglabert
914046	Individual	csebuetnlp/banglabert
305092	None	csebuetnlp/banglabert
731052	None	csebuetnlp/banglabert
331086	None	csebuetnlp/banglabert
80707	Individual	csebuetnlp/banglabert
700511	Community	csebuetnlp/banglabert
759244	Society	csebuetnlp/banglabert
273391	Organization	csebuetnlp/banglabert
157560	Community	csebuetnlp/banglabert
666349	None	csebuetnlp/banglabert
118868	Individual	csebuetnlp/banglabert
919196	None	csebuetnlp/banglabert
193304	Organization	csebuetnlp/banglabert
125720	None	csebuetnlp/banglabert
512574	None	csebuetnlp/banglabert
938099	None	csebuetnlp/banglabert
714519	None	csebuetnlp/banglabert
743493	None	csebuetnlp/banglabert
491880	None	csebuetnlp/banglabert
840307	Individual	csebuetnlp/banglabert
334019	None	csebuetnlp/banglabert
576203	Community	csebuetnlp/banglabert
762331	None	csebuetnlp/banglabert
421390	Community	csebuetnlp/banglabert
828741	Organization	csebuetnlp/banglabert
357634	None	csebuetnlp/banglabert
678272	None	csebuetnlp/banglabert
330446	Individual	csebuetnlp/banglabert
566240	None	csebuetnlp/banglabert
829440	None	csebuetnlp/banglabert
838151	None	csebuetnlp/banglabert
358884	None	csebuetnlp/banglabert
397727	None	csebuetnlp/banglabert
171669	Organization	csebuetnlp/banglabert
288289	None	csebuetnlp/banglabert
187431	None	csebuetnlp/banglabert
512049	None	csebuetnlp/banglabert
335567	Individual	csebuetnlp/banglabert
383736	None	csebuetnlp/banglabert
535883	None	csebuetnlp/banglabert
392091	None	csebuetnlp/banglabert
454762	Organization	csebuetnlp/banglabert
614159	None	csebuetnlp/banglabert
562152	None	csebuetnlp/banglabert
483412	Individual	csebuetnlp/banglabert
537925	None	csebuetnlp/banglabert
834167	None	csebuetnlp/banglabert
875193	Individual	csebuetnlp/banglabert
456722	Community	csebuetnlp/banglabert
516282	None	csebuetnlp/banglabert
257527	None	csebuetnlp/banglabert
148896	None	csebuetnlp/banglabert
760507	None	csebuetnlp/banglabert
922414	Individual	csebuetnlp/banglabert
638043	Organization	csebuetnlp/banglabert
173467	None	csebuetnlp/banglabert
195178	Organization	csebuetnlp/banglabert
147724	Individual	csebuetnlp/banglabert
194025	Organization	csebuetnlp/banglabert
624059	None	csebuetnlp/banglabert
107088	None	csebuetnlp/banglabert
43696	None	csebuetnlp/banglabert
527548	None	csebuetnlp/banglabert
43059	None	csebuetnlp/banglabert
194552	Organization	csebuetnlp/banglabert
895821	None	csebuetnlp/banglabert
91	Individual	csebuetnlp/banglabert
431755	None	csebuetnlp/banglabert
563191	None	csebuetnlp/banglabert
679996	Individual	csebuetnlp/banglabert
738155	None	csebuetnlp/banglabert
463056	None	csebuetnlp/banglabert
533553	None	csebuetnlp/banglabert
908606	None	csebuetnlp/banglabert
459309	None	csebuetnlp/banglabert
630443	Individual	csebuetnlp/banglabert
347222	None	csebuetnlp/banglabert
675724	None	csebuetnlp/banglabert
83975	Organization	csebuetnlp/banglabert
296851	None	csebuetnlp/banglabert
535172	None	csebuetnlp/banglabert
75581	Individual	csebuetnlp/banglabert
461746	Community	csebuetnlp/banglabert
874016	None	csebuetnlp/banglabert
20045	Organization	csebuetnlp/banglabert
253489	Community	csebuetnlp/banglabert
553524	None	csebuetnlp/banglabert
57367	Individual	csebuetnlp/banglabert
167339	None	csebuetnlp/banglabert
594894	Individual	csebuetnlp/banglabert
452023	Society	csebuetnlp/banglabert
795964	None	csebuetnlp/banglabert
765992	None	csebuetnlp/banglabert
508875	Individual	csebuetnlp/banglabert
122727	Individual	csebuetnlp/banglabert
11814	None	csebuetnlp/banglabert
544426	Community	csebuetnlp/banglabert
725077	None	csebuetnlp/banglabert
225212	None	csebuetnlp/banglabert
779008	None	csebuetnlp/banglabert
122184	None	csebuetnlp/banglabert
584554	None	csebuetnlp/banglabert
172329	None	csebuetnlp/banglabert
167317	None	csebuetnlp/banglabert
685147	None	csebuetnlp/banglabert
294261	None	csebuetnlp/banglabert
192130	None	csebuetnlp/banglabert
425529	Community	csebuetnlp/banglabert
788604	Individual	csebuetnlp/banglabert
501111	None	csebuetnlp/banglabert
139510	Organization	csebuetnlp/banglabert
43771	Community	csebuetnlp/banglabert
144519	Community	csebuetnlp/banglabert
915772	None	csebuetnlp/banglabert
411616	Community	csebuetnlp/banglabert
475013	None	csebuetnlp/banglabert
809205	None	csebuetnlp/banglabert
541359	None	csebuetnlp/banglabert
845267	Individual	csebuetnlp/banglabert
113755	None	csebuetnlp/banglabert
568511	None	csebuetnlp/banglabert
59618	Individual	csebuetnlp/banglabert
803177	None	csebuetnlp/banglabert
858819	None	csebuetnlp/banglabert
438940	Society	csebuetnlp/banglabert
570407	Individual	csebuetnlp/banglabert
129788	None	csebuetnlp/banglabert
840086	None	csebuetnlp/banglabert
637172	None	csebuetnlp/banglabert
821993	None	csebuetnlp/banglabert
325856	Community	csebuetnlp/banglabert
359155	None	csebuetnlp/banglabert
899842	None	csebuetnlp/banglabert
660308	None	csebuetnlp/banglabert
861989	Organization	csebuetnlp/banglabert
605443	Individual	csebuetnlp/banglabert
27739	None	csebuetnlp/banglabert
580148	Organization	csebuetnlp/banglabert
528215	None	csebuetnlp/banglabert
528712	None	csebuetnlp/banglabert
100208	Organization	csebuetnlp/banglabert
350796	None	csebuetnlp/banglabert
307708	Individual	csebuetnlp/banglabert
162719	None	csebuetnlp/banglabert
121889	Community	csebuetnlp/banglabert
612317	None	csebuetnlp/banglabert
223760	Organization	csebuetnlp/banglabert
405579	None	csebuetnlp/banglabert
618511	None	csebuetnlp/banglabert
175761	None	csebuetnlp/banglabert
748125	None	csebuetnlp/banglabert
156891	Individual	csebuetnlp/banglabert
592641	None	csebuetnlp/banglabert
726885	None	csebuetnlp/banglabert
4254	Organization	csebuetnlp/banglabert
682514	None	csebuetnlp/banglabert
264638	Individual	csebuetnlp/banglabert
534602	Individual	csebuetnlp/banglabert
57614	Individual	csebuetnlp/banglabert
599800	Individual	csebuetnlp/banglabert
732787	Community	csebuetnlp/banglabert
212119	None	csebuetnlp/banglabert
860927	None	csebuetnlp/banglabert
590074	Organization	csebuetnlp/banglabert
690276	None	csebuetnlp/banglabert
787556	None	csebuetnlp/banglabert
820252	None	csebuetnlp/banglabert
559717	None	csebuetnlp/banglabert
870003	Organization	csebuetnlp/banglabert
144906	None	csebuetnlp/banglabert
133089	None	csebuetnlp/banglabert
591997	None	csebuetnlp/banglabert
395816	None	csebuetnlp/banglabert
844477	Individual	csebuetnlp/banglabert
178300	None	csebuetnlp/banglabert
148894	Community	csebuetnlp/banglabert
850484	None	csebuetnlp/banglabert
860027	None	csebuetnlp/banglabert
247862	Individual	csebuetnlp/banglabert
312983	Individual	csebuetnlp/banglabert
122427	Individual	csebuetnlp/banglabert
83755	None	csebuetnlp/banglabert
195967	Organization	csebuetnlp/banglabert
494458	None	csebuetnlp/banglabert
9228	None	csebuetnlp/banglabert
684602	None	csebuetnlp/banglabert
927791	None	csebuetnlp/banglabert
615666	Individual	csebuetnlp/banglabert
599050	Society	csebuetnlp/banglabert
455023	None	csebuetnlp/banglabert
819948	Society	csebuetnlp/banglabert
749193	None	csebuetnlp/banglabert
623630	Individual	csebuetnlp/banglabert
320310	None	csebuetnlp/banglabert
532308	None	csebuetnlp/banglabert
79033	Community	csebuetnlp/banglabert
689620	None	csebuetnlp/banglabert
503545	None	csebuetnlp/banglabert
880433	None	csebuetnlp/banglabert
566043	None	csebuetnlp/banglabert
146502	Organization	csebuetnlp/banglabert
659400	None	csebuetnlp/banglabert
134693	None	csebuetnlp/banglabert
147313	None	csebuetnlp/banglabert
793773	Society	csebuetnlp/banglabert
269220	Individual	csebuetnlp/banglabert
284822	None	csebuetnlp/banglabert
722881	Individual	csebuetnlp/banglabert
33435	Organization	csebuetnlp/banglabert
626585	None	csebuetnlp/banglabert
795133	None	csebuetnlp/banglabert
342079	None	csebuetnlp/banglabert
62264	None	csebuetnlp/banglabert
350128	Organization	csebuetnlp/banglabert
586407	None	csebuetnlp/banglabert
116562	None	csebuetnlp/banglabert
132059	Individual	csebuetnlp/banglabert
29850	None	csebuetnlp/banglabert
334210	Individual	csebuetnlp/banglabert
807912	Individual	csebuetnlp/banglabert
421928	Community	csebuetnlp/banglabert
609522	None	csebuetnlp/banglabert
896838	Individual	csebuetnlp/banglabert
623237	None	csebuetnlp/banglabert
289648	Organization	csebuetnlp/banglabert
426382	None	csebuetnlp/banglabert
260072	Community	csebuetnlp/banglabert
186438	None	csebuetnlp/banglabert
330719	None	csebuetnlp/banglabert
694232	Individual	csebuetnlp/banglabert
659151	None	csebuetnlp/banglabert
723103	Society	csebuetnlp/banglabert
269242	None	csebuetnlp/banglabert
658310	None	csebuetnlp/banglabert
284423	Organization	csebuetnlp/banglabert
471188	None	csebuetnlp/banglabert
321553	None	csebuetnlp/banglabert
23673	Community	csebuetnlp/banglabert
31466	None	csebuetnlp/banglabert
390734	None	csebuetnlp/banglabert
299334	Organization	csebuetnlp/banglabert
915160	None	csebuetnlp/banglabert
886892	None	csebuetnlp/banglabert
187567	None	csebuetnlp/banglabert
716122	None	csebuetnlp/banglabert
306552	None	csebuetnlp/banglabert
556825	None	csebuetnlp/banglabert
327323	Individual	csebuetnlp/banglabert
845725	Individual	csebuetnlp/banglabert
832828	None	csebuetnlp/banglabert
614077	Community	csebuetnlp/banglabert
861156	Individual	csebuetnlp/banglabert
899235	None	csebuetnlp/banglabert
920682	None	csebuetnlp/banglabert
896115	None	csebuetnlp/banglabert
819642	None	csebuetnlp/banglabert
684624	Organization	csebuetnlp/banglabert
671761	None	csebuetnlp/banglabert
199225	Society	csebuetnlp/banglabert
96018	None	csebuetnlp/banglabert
530720	None	csebuetnlp/banglabert
886768	None	csebuetnlp/banglabert
788454	Individual	csebuetnlp/banglabert
840793	None	csebuetnlp/banglabert
530660	Individual	csebuetnlp/banglabert
764785	None	csebuetnlp/banglabert
510402	None	csebuetnlp/banglabert
797709	None	csebuetnlp/banglabert
154764	None	csebuetnlp/banglabert
758899	Society	csebuetnlp/banglabert
30625	None	csebuetnlp/banglabert
650748	Community	csebuetnlp/banglabert
79978	None	csebuetnlp/banglabert
590113	None	csebuetnlp/banglabert
904047	None	csebuetnlp/banglabert
228881	None	csebuetnlp/banglabert
205983	Individual	csebuetnlp/banglabert
638273	Society	csebuetnlp/banglabert
156553	None	csebuetnlp/banglabert
146868	None	csebuetnlp/banglabert
428917	Society	csebuetnlp/banglabert
5567	None	csebuetnlp/banglabert
385342	None	csebuetnlp/banglabert
687821	Individual	csebuetnlp/banglabert
558622	Organization	csebuetnlp/banglabert
520964	None	csebuetnlp/banglabert
635670	None	csebuetnlp/banglabert
308809	None	csebuetnlp/banglabert
864406	Individual	csebuetnlp/banglabert
906662	Society	csebuetnlp/banglabert
575658	Individual	csebuetnlp/banglabert
394694	Organization	csebuetnlp/banglabert
923350	None	csebuetnlp/banglabert
46205	None	csebuetnlp/banglabert
855695	None	csebuetnlp/banglabert
486257	None	csebuetnlp/banglabert
276551	Individual	csebuetnlp/banglabert
587637	None	csebuetnlp/banglabert
647643	Individual	csebuetnlp/banglabert
148374	None	csebuetnlp/banglabert
657648	Community	csebuetnlp/banglabert
126155	None	csebuetnlp/banglabert
196609	Organization	csebuetnlp/banglabert
754547	None	csebuetnlp/banglabert
544929	None	csebuetnlp/banglabert
349354	None	csebuetnlp/banglabert
260051	Individual	csebuetnlp/banglabert
864433	None	csebuetnlp/banglabert
439970	Individual	csebuetnlp/banglabert
31197	None	csebuetnlp/banglabert
884727	None	csebuetnlp/banglabert
559768	None	csebuetnlp/banglabert
581342	Individual	csebuetnlp/banglabert
93295	Organization	csebuetnlp/banglabert
765866	Community	csebuetnlp/banglabert
52066	None	csebuetnlp/banglabert
150858	Community	csebuetnlp/banglabert
825788	Individual	csebuetnlp/banglabert
737745	None	csebuetnlp/banglabert
472075	None	csebuetnlp/banglabert
782014	None	csebuetnlp/banglabert
846878	Community	csebuetnlp/banglabert
54711	None	csebuetnlp/banglabert
195057	None	csebuetnlp/banglabert
23737	None	csebuetnlp/banglabert
262183	Organization	csebuetnlp/banglabert
908109	None	csebuetnlp/banglabert
747650	None	csebuetnlp/banglabert
632080	None	csebuetnlp/banglabert
451953	Individual	csebuetnlp/banglabert
566719	Individual	csebuetnlp/banglabert
160977	None	csebuetnlp/banglabert
398536	Society	csebuetnlp/banglabert
671041	None	csebuetnlp/banglabert
228691	Individual	csebuetnlp/banglabert
215202	Individual	csebuetnlp/banglabert
467926	None	csebuetnlp/banglabert
631408	Community	csebuetnlp/banglabert
57868	None	csebuetnlp/banglabert
192787	None	csebuetnlp/banglabert
336777	Individual	csebuetnlp/banglabert
890857	None	csebuetnlp/banglabert
691728	None	csebuetnlp/banglabert
831986	Individual	csebuetnlp/banglabert
644832	Organization	csebuetnlp/banglabert
859881	None	csebuetnlp/banglabert
386166	None	csebuetnlp/banglabert
411564	None	csebuetnlp/banglabert
196840	Organization	csebuetnlp/banglabert
26706	Organization	csebuetnlp/banglabert
24433	Individual	csebuetnlp/banglabert
294784	Individual	csebuetnlp/banglabert
329873	None	csebuetnlp/banglabert
922916	None	csebuetnlp/banglabert
263428	Community	csebuetnlp/banglabert
879502	None	csebuetnlp/banglabert
171810	None	csebuetnlp/banglabert
146419	None	csebuetnlp/banglabert
11825	Community	csebuetnlp/banglabert
385459	Society	csebuetnlp/banglabert
837842	None	csebuetnlp/banglabert
707861	None	csebuetnlp/banglabert
256853	None	csebuetnlp/banglabert
304172	Individual	csebuetnlp/banglabert
215264	None	csebuetnlp/banglabert
30430	Individual	csebuetnlp/banglabert
247235	None	csebuetnlp/banglabert
370427	Society	csebuetnlp/banglabert
495671	None	csebuetnlp/banglabert
765184	None	csebuetnlp/banglabert
317397	Society	csebuetnlp/banglabert
456450	None	csebuetnlp/banglabert
858602	None	csebuetnlp/banglabert
266349	Individual	csebuetnlp/banglabert
518935	None	csebuetnlp/banglabert
364371	None	csebuetnlp/banglabert
505254	None	csebuetnlp/banglabert
280647	None	csebuetnlp/banglabert
365047	Community	csebuetnlp/banglabert
691389	Community	csebuetnlp/banglabert
833835	None	csebuetnlp/banglabert
589316	None	csebuetnlp/banglabert
157497	None	csebuetnlp/banglabert
146479	None	csebuetnlp/banglabert
608667	None	csebuetnlp/banglabert
441810	None	csebuetnlp/banglabert
74035	Organization	csebuetnlp/banglabert
11550	Community	csebuetnlp/banglabert
915332	None	csebuetnlp/banglabert
688548	Society	csebuetnlp/banglabert
714276	None	csebuetnlp/banglabert
770650	Individual	csebuetnlp/banglabert
542146	None	csebuetnlp/banglabert
37206	None	csebuetnlp/banglabert
917447	Community	csebuetnlp/banglabert
902552	None	csebuetnlp/banglabert
889894	None	csebuetnlp/banglabert
631606	Community	csebuetnlp/banglabert
218146	None	csebuetnlp/banglabert
292282	None	csebuetnlp/banglabert
115075	Individual	csebuetnlp/banglabert
465124	None	csebuetnlp/banglabert
711695	None	csebuetnlp/banglabert
384706	None	csebuetnlp/banglabert
293660	None	csebuetnlp/banglabert
647131	Organization	csebuetnlp/banglabert
841800	None	csebuetnlp/banglabert
254920	None	csebuetnlp/banglabert
294087	Individual	csebuetnlp/banglabert
68952	None	csebuetnlp/banglabert
636983	None	csebuetnlp/banglabert
214150	None	csebuetnlp/banglabert
600580	None	csebuetnlp/banglabert
135848	None	csebuetnlp/banglabert
490828	Society	csebuetnlp/banglabert
593064	None	csebuetnlp/banglabert
527973	None	csebuetnlp/banglabert
146468	None	csebuetnlp/banglabert
580206	None	csebuetnlp/banglabert
589798	None	csebuetnlp/banglabert
493901	None	csebuetnlp/banglabert
509747	None	csebuetnlp/banglabert
932687	None	csebuetnlp/banglabert
4249	Organization	csebuetnlp/banglabert
788252	None	csebuetnlp/banglabert
154911	Individual	csebuetnlp/banglabert
826374	None	csebuetnlp/banglabert
736209	None	csebuetnlp/banglabert
711052	None	csebuetnlp/banglabert
931495	None	csebuetnlp/banglabert
513434	None	csebuetnlp/banglabert
345031	None	csebuetnlp/banglabert
215334	None	csebuetnlp/banglabert
690423	None	csebuetnlp/banglabert
563512	Individual	csebuetnlp/banglabert
251243	Organization	csebuetnlp/banglabert
227927	None	csebuetnlp/banglabert
142569	Organization	csebuetnlp/banglabert
295213	Community	csebuetnlp/banglabert
596101	None	csebuetnlp/banglabert
936853	None	csebuetnlp/banglabert
801917	None	csebuetnlp/banglabert
857995	None	csebuetnlp/banglabert
95408	Organization	csebuetnlp/banglabert
820682	None	csebuetnlp/banglabert
844359	None	csebuetnlp/banglabert
757905	Organization	csebuetnlp/banglabert
723055	None	csebuetnlp/banglabert
769948	None	csebuetnlp/banglabert
243442	Organization	csebuetnlp/banglabert
737797	None	csebuetnlp/banglabert
27139	None	csebuetnlp/banglabert
409048	Society	csebuetnlp/banglabert
72034	Individual	csebuetnlp/banglabert
571451	Organization	csebuetnlp/banglabert
932604	None	csebuetnlp/banglabert
33535	Individual	csebuetnlp/banglabert
122341	None	csebuetnlp/banglabert
545466	None	csebuetnlp/banglabert
499900	None	csebuetnlp/banglabert
409261	None	csebuetnlp/banglabert
34096	None	csebuetnlp/banglabert
644512	None	csebuetnlp/banglabert
273846	None	csebuetnlp/banglabert
186411	Individual	csebuetnlp/banglabert
13537	None	csebuetnlp/banglabert
307702	None	csebuetnlp/banglabert
638968	None	csebuetnlp/banglabert
598736	None	csebuetnlp/banglabert
53408	Individual	csebuetnlp/banglabert
921147	None	csebuetnlp/banglabert
66160	Community	csebuetnlp/banglabert
83010	None	csebuetnlp/banglabert
740398	None	csebuetnlp/banglabert
780256	Society	csebuetnlp/banglabert
335046	Individual	csebuetnlp/banglabert
313351	Individual	csebuetnlp/banglabert
920002	None	csebuetnlp/banglabert
37737	None	csebuetnlp/banglabert
404912	Society	csebuetnlp/banglabert
168151	None	csebuetnlp/banglabert
578783	None	csebuetnlp/banglabert
82540	None	csebuetnlp/banglabert
198428	None	csebuetnlp/banglabert
201290	Organization	csebuetnlp/banglabert
784990	Society	csebuetnlp/banglabert
248346	Individual	csebuetnlp/banglabert
417267	Organization	csebuetnlp/banglabert
528918	Individual	csebuetnlp/banglabert
56297	None	csebuetnlp/banglabert
555695	None	csebuetnlp/banglabert
503608	None	csebuetnlp/banglabert
548666	None	csebuetnlp/banglabert
232167	Organization	csebuetnlp/banglabert
511977	None	csebuetnlp/banglabert
902284	None	csebuetnlp/banglabert
229235	Individual	csebuetnlp/banglabert
762354	Organization	csebuetnlp/banglabert
454709	Organization	csebuetnlp/banglabert
180085	None	csebuetnlp/banglabert
11338	Society	csebuetnlp/banglabert
447030	None	csebuetnlp/banglabert
651116	None	csebuetnlp/banglabert
287127	None	csebuetnlp/banglabert
251561	Organization	csebuetnlp/banglabert
434113	Individual	csebuetnlp/banglabert
888130	None	csebuetnlp/banglabert
919683	None	csebuetnlp/banglabert
542440	None	csebuetnlp/banglabert
788941	None	csebuetnlp/banglabert
118010	Community	csebuetnlp/banglabert
481002	None	csebuetnlp/banglabert
770890	None	csebuetnlp/banglabert
538540	None	csebuetnlp/banglabert
385860	None	csebuetnlp/banglabert
80855	None	csebuetnlp/banglabert
917595	Society	csebuetnlp/banglabert
70927	Individual	csebuetnlp/banglabert
449971	None	csebuetnlp/banglabert
529876	None	csebuetnlp/banglabert
404923	Society	csebuetnlp/banglabert
716044	Individual	csebuetnlp/banglabert
235128	None	csebuetnlp/banglabert
414752	Organization	csebuetnlp/banglabert
282830	None	csebuetnlp/banglabert
541766	None	csebuetnlp/banglabert
424715	None	csebuetnlp/banglabert
838616	None	csebuetnlp/banglabert
176833	None	csebuetnlp/banglabert
735992	None	csebuetnlp/banglabert
453195	Individual	csebuetnlp/banglabert
479598	Society	csebuetnlp/banglabert
740390	None	csebuetnlp/banglabert
695017	None	csebuetnlp/banglabert
76335	Organization	csebuetnlp/banglabert
270852	Organization	csebuetnlp/banglabert
708065	None	csebuetnlp/banglabert
606816	Individual	csebuetnlp/banglabert
206088	Organization	csebuetnlp/banglabert
212827	Organization	csebuetnlp/banglabert
274373	None	csebuetnlp/banglabert
111258	None	csebuetnlp/banglabert
784002	Society	csebuetnlp/banglabert
211700	Individual	csebuetnlp/banglabert
347583	Community	csebuetnlp/banglabert
930859	Community	csebuetnlp/banglabert
316943	Individual	csebuetnlp/banglabert
910354	Society	csebuetnlp/banglabert
852545	None	csebuetnlp/banglabert
177572	Community	csebuetnlp/banglabert
547211	None	csebuetnlp/banglabert
336934	None	csebuetnlp/banglabert
814651	Society	csebuetnlp/banglabert
419915	Community	csebuetnlp/banglabert
626302	None	csebuetnlp/banglabert
196688	None	csebuetnlp/banglabert
623013	None	csebuetnlp/banglabert
434820	None	csebuetnlp/banglabert
425654	Society	csebuetnlp/banglabert
79974	Individual	csebuetnlp/banglabert
386889	None	csebuetnlp/banglabert
610277	Individual	csebuetnlp/banglabert
205726	None	csebuetnlp/banglabert
620890	Organization	csebuetnlp/banglabert
767995	None	csebuetnlp/banglabert
809007	Society	csebuetnlp/banglabert
441520	None	csebuetnlp/banglabert
913659	Individual	csebuetnlp/banglabert
360611	None	csebuetnlp/banglabert
287734	Society	csebuetnlp/banglabert
905814	None	csebuetnlp/banglabert
815224	Individual	csebuetnlp/banglabert
244696	Organization	csebuetnlp/banglabert
112362	Individual	csebuetnlp/banglabert
837061	None	csebuetnlp/banglabert
469475	None	csebuetnlp/banglabert
49053	None	csebuetnlp/banglabert
67722	None	csebuetnlp/banglabert
862123	None	csebuetnlp/banglabert
359926	None	csebuetnlp/banglabert
58467	None	csebuetnlp/banglabert
242064	None	csebuetnlp/banglabert
556969	Individual	csebuetnlp/banglabert
267300	None	csebuetnlp/banglabert
390626	None	csebuetnlp/banglabert
420135	None	csebuetnlp/banglabert
152122	Community	csebuetnlp/banglabert
836236	None	csebuetnlp/banglabert
797488	Society	csebuetnlp/banglabert
622909	None	csebuetnlp/banglabert
895011	None	csebuetnlp/banglabert
882194	Individual	csebuetnlp/banglabert
75596	None	csebuetnlp/banglabert
392774	Individual	csebuetnlp/banglabert
697383	None	csebuetnlp/banglabert
37458	None	csebuetnlp/banglabert
341828	None	csebuetnlp/banglabert
580586	None	csebuetnlp/banglabert
704812	None	csebuetnlp/banglabert
499112	None	csebuetnlp/banglabert
937103	Individual	csebuetnlp/banglabert
510980	Individual	csebuetnlp/banglabert
517470	Individual	csebuetnlp/banglabert
425835	Community	csebuetnlp/banglabert
847555	Organization	csebuetnlp/banglabert
55580	Community	csebuetnlp/banglabert
912551	Individual	csebuetnlp/banglabert
873778	None	csebuetnlp/banglabert
850066	Individual	csebuetnlp/banglabert
874043	None	csebuetnlp/banglabert
842140	Organization	csebuetnlp/banglabert
249516	None	csebuetnlp/banglabert
883107	None	csebuetnlp/banglabert
171088	None	csebuetnlp/banglabert
834348	Individual	csebuetnlp/banglabert
260511	None	csebuetnlp/banglabert
747543	Community	csebuetnlp/banglabert
798061	None	csebuetnlp/banglabert
858296	None	csebuetnlp/banglabert
370524	None	csebuetnlp/banglabert
33709	Society	csebuetnlp/banglabert
285570	None	csebuetnlp/banglabert
794925	None	csebuetnlp/banglabert
895463	None	csebuetnlp/banglabert
778909	None	csebuetnlp/banglabert
54033	None	csebuetnlp/banglabert
789905	None	csebuetnlp/banglabert
928455	Individual	csebuetnlp/banglabert
903244	None	csebuetnlp/banglabert
886945	None	csebuetnlp/banglabert
638355	Individual	csebuetnlp/banglabert
630520	None	csebuetnlp/banglabert
672070	Organization	csebuetnlp/banglabert
862937	None	csebuetnlp/banglabert
478805	None	csebuetnlp/banglabert
772528	Society	csebuetnlp/banglabert
518431	None	csebuetnlp/banglabert
280350	None	csebuetnlp/banglabert
363404	None	csebuetnlp/banglabert
794248	None	csebuetnlp/banglabert
807255	None	csebuetnlp/banglabert
66980	Organization	csebuetnlp/banglabert
152001	Community	csebuetnlp/banglabert
781177	None	csebuetnlp/banglabert
447772	None	csebuetnlp/banglabert
99458	None	csebuetnlp/banglabert
828336	None	csebuetnlp/banglabert
61667	Community	csebuetnlp/banglabert
750355	None	csebuetnlp/banglabert
59248	None	csebuetnlp/banglabert
706130	None	csebuetnlp/banglabert
247384	Individual	csebuetnlp/banglabert
91256	Community	csebuetnlp/banglabert
45198	Organization	csebuetnlp/banglabert
475615	None	csebuetnlp/banglabert
809901	None	csebuetnlp/banglabert
850232	Individual	csebuetnlp/banglabert
928676	None	csebuetnlp/banglabert
354579	None	csebuetnlp/banglabert
702680	None	csebuetnlp/banglabert
140349	None	csebuetnlp/banglabert
369414	Organization	csebuetnlp/banglabert
890355	None	csebuetnlp/banglabert
827756	Individual	csebuetnlp/banglabert
909607	Society	csebuetnlp/banglabert
650140	None	csebuetnlp/banglabert
936499	Community	csebuetnlp/banglabert
632121	None	csebuetnlp/banglabert
130390	Community	csebuetnlp/banglabert
748439	Community	csebuetnlp/banglabert
18941	None	csebuetnlp/banglabert
165040	None	csebuetnlp/banglabert
146666	None	csebuetnlp/banglabert
671364	None	csebuetnlp/banglabert
241643	Organization	csebuetnlp/banglabert
728148	None	csebuetnlp/banglabert
418768	Organization	csebuetnlp/banglabert
507313	None	csebuetnlp/banglabert
122056	Community	csebuetnlp/banglabert
429232	Society	csebuetnlp/banglabert
936443	Individual	csebuetnlp/banglabert
63195	None	csebuetnlp/banglabert
347924	None	csebuetnlp/banglabert
239634	None	csebuetnlp/banglabert
685874	Organization	csebuetnlp/banglabert
785301	Individual	csebuetnlp/banglabert
205145	None	csebuetnlp/banglabert
895764	None	csebuetnlp/banglabert
744814	None	csebuetnlp/banglabert
711915	None	csebuetnlp/banglabert
538881	Individual	csebuetnlp/banglabert
423994	None	csebuetnlp/banglabert
747992	None	csebuetnlp/banglabert
907822	None	csebuetnlp/banglabert
319476	None	csebuetnlp/banglabert
328982	None	csebuetnlp/banglabert
920039	None	csebuetnlp/banglabert
14595	None	csebuetnlp/banglabert
316259	Individual	csebuetnlp/banglabert
874684	Individual	csebuetnlp/banglabert
147374	Society	csebuetnlp/banglabert
580566	None	csebuetnlp/banglabert
309030	None	csebuetnlp/banglabert
115329	Organization	csebuetnlp/banglabert
196330	None	csebuetnlp/banglabert
493326	None	csebuetnlp/banglabert
312918	None	csebuetnlp/banglabert
202721	None	csebuetnlp/banglabert
350137	None	csebuetnlp/banglabert
534191	None	csebuetnlp/banglabert
906802	Individual	csebuetnlp/banglabert
264542	Community	csebuetnlp/banglabert
617888	Organization	csebuetnlp/banglabert
860457	None	csebuetnlp/banglabert
420009	None	csebuetnlp/banglabert
787063	None	csebuetnlp/banglabert
785414	None	csebuetnlp/banglabert
81862	Individual	csebuetnlp/banglabert
662064	None	csebuetnlp/banglabert
827901	Society	csebuetnlp/banglabert
142369	None	csebuetnlp/banglabert
758258	None	csebuetnlp/banglabert
863008	None	csebuetnlp/banglabert
844816	None	csebuetnlp/banglabert
788206	None	csebuetnlp/banglabert
88124	None	csebuetnlp/banglabert
480429	None	csebuetnlp/banglabert
849632	None	csebuetnlp/banglabert
923478	None	csebuetnlp/banglabert
135535	None	csebuetnlp/banglabert
182108	None	csebuetnlp/banglabert
377804	None	csebuetnlp/banglabert
556981	None	csebuetnlp/banglabert
682191	None	csebuetnlp/banglabert
296481	Individual	csebuetnlp/banglabert
258690	Individual	csebuetnlp/banglabert
648686	Individual	csebuetnlp/banglabert
146254	None	csebuetnlp/banglabert
191274	Individual	csebuetnlp/banglabert
685372	None	csebuetnlp/banglabert
150193	None	csebuetnlp/banglabert
161821	Community	csebuetnlp/banglabert
143688	None	csebuetnlp/banglabert
133473	None	csebuetnlp/banglabert
380049	Society	csebuetnlp/banglabert
340559	None	csebuetnlp/banglabert
100142	None	csebuetnlp/banglabert
317419	None	csebuetnlp/banglabert
717800	None	csebuetnlp/banglabert
477055	Society	csebuetnlp/banglabert
496575	None	csebuetnlp/banglabert
855557	None	csebuetnlp/banglabert
276303	Organization	csebuetnlp/banglabert
351198	Individual	csebuetnlp/banglabert
829783	None	csebuetnlp/banglabert
367132	Organization	csebuetnlp/banglabert
641785	Individual	csebuetnlp/banglabert
379053	None	csebuetnlp/banglabert
593153	Individual	csebuetnlp/banglabert
532096	None	csebuetnlp/banglabert
541335	None	csebuetnlp/banglabert
555100	Individual	csebuetnlp/banglabert
248630	Individual	csebuetnlp/banglabert
755985	Society	csebuetnlp/banglabert
330068	Organization	csebuetnlp/banglabert
748877	None	csebuetnlp/banglabert
225802	None	csebuetnlp/banglabert
865982	None	csebuetnlp/banglabert
471207	None	csebuetnlp/banglabert
455365	None	csebuetnlp/banglabert
672031	Individual	csebuetnlp/banglabert
885735	None	csebuetnlp/banglabert
41893	Organization	csebuetnlp/banglabert
260881	None	csebuetnlp/banglabert
774654	None	csebuetnlp/banglabert
440552	None	csebuetnlp/banglabert
283397	None	csebuetnlp/banglabert
882150	None	csebuetnlp/banglabert
760852	None	csebuetnlp/banglabert
884094	None	csebuetnlp/banglabert
741510	None	csebuetnlp/banglabert
560164	Community	csebuetnlp/banglabert
477574	None	csebuetnlp/banglabert
15942	None	csebuetnlp/banglabert
340456	None	csebuetnlp/banglabert
414341	None	csebuetnlp/banglabert
196955	None	csebuetnlp/banglabert
191208	None	csebuetnlp/banglabert
244900	Organization	csebuetnlp/banglabert
125453	Organization	csebuetnlp/banglabert
330381	Organization	csebuetnlp/banglabert
844322	Community	csebuetnlp/banglabert
742255	Individual	csebuetnlp/banglabert
531576	None	csebuetnlp/banglabert
804997	None	csebuetnlp/banglabert
572040	Organization	csebuetnlp/banglabert
12508	None	csebuetnlp/banglabert
13692	None	csebuetnlp/banglabert
431332	None	csebuetnlp/banglabert
222805	Community	csebuetnlp/banglabert
575884	Community	csebuetnlp/banglabert
526093	None	csebuetnlp/banglabert
440877	None	csebuetnlp/banglabert
599709	None	csebuetnlp/banglabert
864563	None	csebuetnlp/banglabert
78839	None	csebuetnlp/banglabert
111	Organization	csebuetnlp/banglabert
95463	None	csebuetnlp/banglabert
495836	None	csebuetnlp/banglabert
853192	Community	csebuetnlp/banglabert
645187	Individual	csebuetnlp/banglabert
716428	Community	csebuetnlp/banglabert
70540	Individual	csebuetnlp/banglabert
620335	None	csebuetnlp/banglabert
618922	None	csebuetnlp/banglabert
292521	None	csebuetnlp/banglabert
374329	None	csebuetnlp/banglabert
749851	None	csebuetnlp/banglabert
786718	None	csebuetnlp/banglabert
243476	Organization	csebuetnlp/banglabert
309574	Organization	csebuetnlp/banglabert
502189	Organization	csebuetnlp/banglabert
310058	None	csebuetnlp/banglabert
547459	Organization	csebuetnlp/banglabert
669697	None	csebuetnlp/banglabert
615307	None	csebuetnlp/banglabert
886670	None	csebuetnlp/banglabert
342705	None	csebuetnlp/banglabert
545877	Individual	csebuetnlp/banglabert
463794	None	csebuetnlp/banglabert
796637	None	csebuetnlp/banglabert
468421	Organization	csebuetnlp/banglabert
852941	None	csebuetnlp/banglabert
5937	Society	csebuetnlp/banglabert
848908	Organization	csebuetnlp/banglabert
935715	Individual	csebuetnlp/banglabert
635119	None	csebuetnlp/banglabert
200107	Community	csebuetnlp/banglabert
833350	None	csebuetnlp/banglabert
610487	Individual	csebuetnlp/banglabert
877527	None	csebuetnlp/banglabert
602480	None	csebuetnlp/banglabert
481722	None	csebuetnlp/banglabert
489986	Individual	csebuetnlp/banglabert
720093	None	csebuetnlp/banglabert
924402	None	csebuetnlp/banglabert
911276	None	csebuetnlp/banglabert
696728	Community	csebuetnlp/banglabert
506533	Organization	csebuetnlp/banglabert
878562	None	csebuetnlp/banglabert
523281	None	csebuetnlp/banglabert
896755	None	csebuetnlp/banglabert
598409	Individual	csebuetnlp/banglabert
831752	None	csebuetnlp/banglabert
322711	Individual	csebuetnlp/banglabert
61823	None	csebuetnlp/banglabert
811164	None	csebuetnlp/banglabert
549355	Individual	csebuetnlp/banglabert
829055	Organization	csebuetnlp/banglabert
380227	None	csebuetnlp/banglabert
932515	None	csebuetnlp/banglabert
472535	None	csebuetnlp/banglabert
60136	None	csebuetnlp/banglabert
339636	Individual	csebuetnlp/banglabert
575878	Individual	csebuetnlp/banglabert
378299	Society	csebuetnlp/banglabert
193320	None	csebuetnlp/banglabert
738016	None	csebuetnlp/banglabert
189787	None	csebuetnlp/banglabert
335516	Individual	csebuetnlp/banglabert
283644	Individual	csebuetnlp/banglabert
244035	Individual	csebuetnlp/banglabert
679551	Organization	csebuetnlp/banglabert
737260	None	csebuetnlp/banglabert
566789	Individual	csebuetnlp/banglabert
701258	Society	csebuetnlp/banglabert
78373	Individual	csebuetnlp/banglabert
88648	None	csebuetnlp/banglabert
816345	Society	csebuetnlp/banglabert
203094	Individual	csebuetnlp/banglabert
115932	Individual	csebuetnlp/banglabert
383904	None	csebuetnlp/banglabert
896076	None	csebuetnlp/banglabert
280078	None	csebuetnlp/banglabert
853897	Organization	csebuetnlp/banglabert
651831	Organization	csebuetnlp/banglabert
241704	Organization	csebuetnlp/banglabert
467218	None	csebuetnlp/banglabert
348851	Organization	csebuetnlp/banglabert
39268	None	csebuetnlp/banglabert
195742	Organization	csebuetnlp/banglabert
624006	Organization	csebuetnlp/banglabert
821714	None	csebuetnlp/banglabert
932881	None	csebuetnlp/banglabert
927697	Society	csebuetnlp/banglabert
561831	Organization	csebuetnlp/banglabert
147405	None	csebuetnlp/banglabert
494714	None	csebuetnlp/banglabert
94452	None	csebuetnlp/banglabert
109748	Community	csebuetnlp/banglabert
178516	None	csebuetnlp/banglabert
523045	Individual	csebuetnlp/banglabert
929718	Individual	csebuetnlp/banglabert
7512	Organization	csebuetnlp/banglabert
497912	None	csebuetnlp/banglabert
3934	Society	csebuetnlp/banglabert
266354	Organization	csebuetnlp/banglabert
50344	None	csebuetnlp/banglabert
546395	None	csebuetnlp/banglabert
859986	Organization	csebuetnlp/banglabert
95001	Community	csebuetnlp/banglabert
228080	Individual	csebuetnlp/banglabert
102582	None	csebuetnlp/banglabert
807409	None	csebuetnlp/banglabert
935706	Individual	csebuetnlp/banglabert
385956	Society	csebuetnlp/banglabert
876039	None	csebuetnlp/banglabert
157415	None	csebuetnlp/banglabert
205465	Community	csebuetnlp/banglabert
615005	Organization	csebuetnlp/banglabert
240869	None	csebuetnlp/banglabert
372994	Community	csebuetnlp/banglabert
444019	None	csebuetnlp/banglabert
472721	None	csebuetnlp/banglabert
901710	Community	csebuetnlp/banglabert
123394	Organization	csebuetnlp/banglabert
758190	Organization	csebuetnlp/banglabert
828286	Individual	csebuetnlp/banglabert
107763	Individual	csebuetnlp/banglabert
676389	None	csebuetnlp/banglabert
923219	None	csebuetnlp/banglabert
886300	None	csebuetnlp/banglabert
41268	None	csebuetnlp/banglabert
452043	Community	csebuetnlp/banglabert
24785	None	csebuetnlp/banglabert
214082	Individual	csebuetnlp/banglabert
139162	None	csebuetnlp/banglabert
760971	None	csebuetnlp/banglabert
12874	Society	csebuetnlp/banglabert
716891	None	csebuetnlp/banglabert
359727	Community	csebuetnlp/banglabert
114631	None	csebuetnlp/banglabert
801584	None	csebuetnlp/banglabert
634663	None	csebuetnlp/banglabert
62360	None	csebuetnlp/banglabert
48313	Individual	csebuetnlp/banglabert
34938	None	csebuetnlp/banglabert
675816	None	csebuetnlp/banglabert
414879	None	csebuetnlp/banglabert
640288	None	csebuetnlp/banglabert
94822	None	csebuetnlp/banglabert
166996	None	csebuetnlp/banglabert
120572	None	csebuetnlp/banglabert
111193	Community	csebuetnlp/banglabert
369225	None	csebuetnlp/banglabert
184411	Organization	csebuetnlp/banglabert
707555	None	csebuetnlp/banglabert
566720	Individual	csebuetnlp/banglabert
140176	None	csebuetnlp/banglabert
38817	None	csebuetnlp/banglabert
227515	Organization	csebuetnlp/banglabert
899295	None	csebuetnlp/banglabert
926615	Organization	csebuetnlp/banglabert
221727	None	csebuetnlp/banglabert
70567	Individual	csebuetnlp/banglabert
465292	None	csebuetnlp/banglabert
769162	None	csebuetnlp/banglabert
848690	Individual	csebuetnlp/banglabert
119707	None	csebuetnlp/banglabert
931034	Individual	csebuetnlp/banglabert
79612	None	csebuetnlp/banglabert
135661	Organization	csebuetnlp/banglabert
738000	None	csebuetnlp/banglabert
35449	None	csebuetnlp/banglabert
763819	None	csebuetnlp/banglabert
53316	None	csebuetnlp/banglabert
466063	Organization	csebuetnlp/banglabert
348338	None	csebuetnlp/banglabert
934615	None	csebuetnlp/banglabert
834548	None	csebuetnlp/banglabert
180175	None	csebuetnlp/banglabert
228243	None	csebuetnlp/banglabert
826578	Organization	csebuetnlp/banglabert
185010	Organization	csebuetnlp/banglabert
639126	None	csebuetnlp/banglabert
849059	Individual	csebuetnlp/banglabert
856980	None	csebuetnlp/banglabert
388739	Organization	csebuetnlp/banglabert
835399	Individual	csebuetnlp/banglabert
765271	Individual	csebuetnlp/banglabert
244804	None	csebuetnlp/banglabert
867962	None	csebuetnlp/banglabert
741333	None	csebuetnlp/banglabert
249350	None	csebuetnlp/banglabert
713791	None	csebuetnlp/banglabert
306999	None	csebuetnlp/banglabert
28556	Organization	csebuetnlp/banglabert
74299	Community	csebuetnlp/banglabert
314054	Individual	csebuetnlp/banglabert
558703	None	csebuetnlp/banglabert
14963	None	csebuetnlp/banglabert
422635	None	csebuetnlp/banglabert
470543	Individual	csebuetnlp/banglabert
570107	None	csebuetnlp/banglabert
729521	Community	csebuetnlp/banglabert
567295	Organization	csebuetnlp/banglabert
44606	Organization	csebuetnlp/banglabert
561963	None	csebuetnlp/banglabert
630365	None	csebuetnlp/banglabert
903565	None	csebuetnlp/banglabert
738879	None	csebuetnlp/banglabert
390607	None	csebuetnlp/banglabert
692550	None	csebuetnlp/banglabert
55949	Individual	csebuetnlp/banglabert
454064	None	csebuetnlp/banglabert
837235	None	csebuetnlp/banglabert
371918	None	csebuetnlp/banglabert
848781	Community	csebuetnlp/banglabert
912473	None	csebuetnlp/banglabert
469957	None	csebuetnlp/banglabert
110797	Individual	csebuetnlp/banglabert
693434	Individual	csebuetnlp/banglabert
78406	None	csebuetnlp/banglabert
46963	None	csebuetnlp/banglabert
57709	Individual	csebuetnlp/banglabert
789298	Community	csebuetnlp/banglabert
809835	None	csebuetnlp/banglabert
214396	Individual	csebuetnlp/banglabert
622943	None	csebuetnlp/banglabert
443407	None	csebuetnlp/banglabert
327587	Community	csebuetnlp/banglabert
437844	None	csebuetnlp/banglabert
221872	None	csebuetnlp/banglabert
336045	None	csebuetnlp/banglabert
375881	None	csebuetnlp/banglabert
430379	None	csebuetnlp/banglabert
169430	Society	csebuetnlp/banglabert
294172	None	csebuetnlp/banglabert
89541	None	csebuetnlp/banglabert
268632	None	csebuetnlp/banglabert
805518	None	csebuetnlp/banglabert
566818	Individual	csebuetnlp/banglabert
607062	Individual	csebuetnlp/banglabert
867573	None	csebuetnlp/banglabert
605692	Individual	csebuetnlp/banglabert
326477	Individual	csebuetnlp/banglabert
509063	None	csebuetnlp/banglabert
232984	None	csebuetnlp/banglabert
153943	Organization	csebuetnlp/banglabert
689880	Organization	csebuetnlp/banglabert
319374	None	csebuetnlp/banglabert
742836	None	csebuetnlp/banglabert
238027	Individual	csebuetnlp/banglabert
293070	Individual	csebuetnlp/banglabert
852509	Individual	csebuetnlp/banglabert
113697	None	csebuetnlp/banglabert
404559	Organization	csebuetnlp/banglabert
367504	Society	csebuetnlp/banglabert
312455	Community	csebuetnlp/banglabert
95986	None	csebuetnlp/banglabert
250108	Organization	csebuetnlp/banglabert
306720	Individual	csebuetnlp/banglabert
827471	Individual	csebuetnlp/banglabert
409654	Organization	csebuetnlp/banglabert
179580	None	csebuetnlp/banglabert
54157	Community	csebuetnlp/banglabert
565214	None	csebuetnlp/banglabert
157628	None	csebuetnlp/banglabert
524389	None	csebuetnlp/banglabert
625151	Individual	csebuetnlp/banglabert
41456	None	csebuetnlp/banglabert
809670	Individual	csebuetnlp/banglabert
470773	None	csebuetnlp/banglabert
139862	Individual	csebuetnlp/banglabert
526507	None	csebuetnlp/banglabert
788998	None	csebuetnlp/banglabert
360237	None	csebuetnlp/banglabert
851562	None	csebuetnlp/banglabert
672289	Individual	csebuetnlp/banglabert
748338	Individual	csebuetnlp/banglabert
160373	None	csebuetnlp/banglabert
722951	Individual	csebuetnlp/banglabert
57770	Community	csebuetnlp/banglabert
826087	None	csebuetnlp/banglabert
374588	Society	csebuetnlp/banglabert
410682	None	csebuetnlp/banglabert
772372	Individual	csebuetnlp/banglabert
84041	Individual	csebuetnlp/banglabert
216995	Organization	csebuetnlp/banglabert
463848	None	csebuetnlp/banglabert
478943	None	csebuetnlp/banglabert
742536	None	csebuetnlp/banglabert
642569	Individual	csebuetnlp/banglabert
178538	Individual	csebuetnlp/banglabert
489884	None	csebuetnlp/banglabert
656697	None	csebuetnlp/banglabert
309209	None	csebuetnlp/banglabert
887989	None	csebuetnlp/banglabert
660054	None	csebuetnlp/banglabert
210475	None	csebuetnlp/banglabert
209867	Organization	csebuetnlp/banglabert
467547	None	csebuetnlp/banglabert
851586	Individual	csebuetnlp/banglabert
14311	Society	csebuetnlp/banglabert
793203	Society	csebuetnlp/banglabert
123927	None	csebuetnlp/banglabert
717771	None	csebuetnlp/banglabert
584197	None	csebuetnlp/banglabert
79868	None	csebuetnlp/banglabert
516666	Individual	csebuetnlp/banglabert
723962	None	csebuetnlp/banglabert
14579	Organization	csebuetnlp/banglabert
257737	None	csebuetnlp/banglabert
540902	None	csebuetnlp/banglabert
508957	Organization	csebuetnlp/banglabert
41334	Community	csebuetnlp/banglabert
465546	Community	csebuetnlp/banglabert
526152	None	csebuetnlp/banglabert
282038	Community	csebuetnlp/banglabert
911747	Individual	csebuetnlp/banglabert
709732	None	csebuetnlp/banglabert
151980	None	csebuetnlp/banglabert
257257	Individual	csebuetnlp/banglabert
843966	None	csebuetnlp/banglabert
464017	None	csebuetnlp/banglabert
619782	None	csebuetnlp/banglabert
284724	None	csebuetnlp/banglabert
134346	None	csebuetnlp/banglabert
255352	None	csebuetnlp/banglabert
483319	None	csebuetnlp/banglabert
540781	None	csebuetnlp/banglabert
339456	None	csebuetnlp/banglabert
193515	None	csebuetnlp/banglabert
493695	None	csebuetnlp/banglabert
627681	None	csebuetnlp/banglabert
756726	Community	csebuetnlp/banglabert
405826	None	csebuetnlp/banglabert
815800	Society	csebuetnlp/banglabert
774003	None	csebuetnlp/banglabert
928355	None	csebuetnlp/banglabert
105802	None	csebuetnlp/banglabert
849930	Organization	csebuetnlp/banglabert
314150	Individual	csebuetnlp/banglabert
118315	None	csebuetnlp/banglabert
594020	None	csebuetnlp/banglabert
930997	None	csebuetnlp/banglabert
878173	None	csebuetnlp/banglabert
745693	Individual	csebuetnlp/banglabert
88560	None	csebuetnlp/banglabert
837331	Individual	csebuetnlp/banglabert
313856	Organization	csebuetnlp/banglabert
721573	None	csebuetnlp/banglabert
885365	None	csebuetnlp/banglabert
548204	Community	csebuetnlp/banglabert
377118	Individual	csebuetnlp/banglabert
649908	None	csebuetnlp/banglabert
626634	None	csebuetnlp/banglabert
719540	None	csebuetnlp/banglabert
155405	None	csebuetnlp/banglabert
625156	Organization	csebuetnlp/banglabert
731578	Individual	csebuetnlp/banglabert
248789	None	csebuetnlp/banglabert
812915	None	csebuetnlp/banglabert
639994	Society	csebuetnlp/banglabert
243292	None	csebuetnlp/banglabert
308220	None	csebuetnlp/banglabert
411431	None	csebuetnlp/banglabert
418309	Community	csebuetnlp/banglabert
619262	None	csebuetnlp/banglabert
564804	Organization	csebuetnlp/banglabert
506045	Organization	csebuetnlp/banglabert
81503	None	csebuetnlp/banglabert
268827	Individual	csebuetnlp/banglabert
909369	None	csebuetnlp/banglabert
803096	None	csebuetnlp/banglabert
583923	None	csebuetnlp/banglabert
493493	Individual	csebuetnlp/banglabert
890157	Individual	csebuetnlp/banglabert
225488	Organization	csebuetnlp/banglabert
291584	None	csebuetnlp/banglabert
7001	Individual	csebuetnlp/banglabert
848619	None	csebuetnlp/banglabert
873544	None	csebuetnlp/banglabert
871485	None	csebuetnlp/banglabert
515296	None	csebuetnlp/banglabert
17928	Individual	csebuetnlp/banglabert
799555	Individual	csebuetnlp/banglabert
906324	Individual	csebuetnlp/banglabert
416633	None	csebuetnlp/banglabert
936028	None	csebuetnlp/banglabert
938949	None	csebuetnlp/banglabert
120599	None	csebuetnlp/banglabert
743154	None	csebuetnlp/banglabert
588338	None	csebuetnlp/banglabert
278691	Organization	csebuetnlp/banglabert
209557	None	csebuetnlp/banglabert
572974	Organization	csebuetnlp/banglabert
707146	Individual	csebuetnlp/banglabert
682574	None	csebuetnlp/banglabert
897946	None	csebuetnlp/banglabert
594930	Organization	csebuetnlp/banglabert
177580	None	csebuetnlp/banglabert
446305	Society	csebuetnlp/banglabert
642522	None	csebuetnlp/banglabert
710229	None	csebuetnlp/banglabert
109650	Organization	csebuetnlp/banglabert
166059	None	csebuetnlp/banglabert
324766	Society	csebuetnlp/banglabert
274593	Organization	csebuetnlp/banglabert
732149	None	csebuetnlp/banglabert
922697	Society	csebuetnlp/banglabert
436440	None	csebuetnlp/banglabert
147243	None	csebuetnlp/banglabert
113041	None	csebuetnlp/banglabert
136214	None	csebuetnlp/banglabert
459985	None	csebuetnlp/banglabert
14811	None	csebuetnlp/banglabert
87990	Organization	csebuetnlp/banglabert
888281	None	csebuetnlp/banglabert
142305	None	csebuetnlp/banglabert
40807	None	csebuetnlp/banglabert
379491	None	csebuetnlp/banglabert
748378	Society	csebuetnlp/banglabert
189272	Individual	csebuetnlp/banglabert
462995	Organization	csebuetnlp/banglabert
238640	Society	csebuetnlp/banglabert
624763	Organization	csebuetnlp/banglabert
132838	None	csebuetnlp/banglabert
936999	None	csebuetnlp/banglabert
478162	None	csebuetnlp/banglabert
836153	Individual	csebuetnlp/banglabert
191692	Organization	csebuetnlp/banglabert
144991	Community	csebuetnlp/banglabert
575280	None	csebuetnlp/banglabert
767542	Individual	csebuetnlp/banglabert
938392	None	csebuetnlp/banglabert
625756	None	csebuetnlp/banglabert
591958	None	csebuetnlp/banglabert
777873	None	csebuetnlp/banglabert
382296	Individual	csebuetnlp/banglabert
853958	Individual	csebuetnlp/banglabert
689376	None	csebuetnlp/banglabert
667476	Organization	csebuetnlp/banglabert
555124	None	csebuetnlp/banglabert
553769	Community	csebuetnlp/banglabert
779775	None	csebuetnlp/banglabert
175226	None	csebuetnlp/banglabert
221245	Organization	csebuetnlp/banglabert
357659	None	csebuetnlp/banglabert
19345	Society	csebuetnlp/banglabert
359530	Society	csebuetnlp/banglabert
897931	None	csebuetnlp/banglabert
730685	None	csebuetnlp/banglabert
112406	Organization	csebuetnlp/banglabert
931965	Community	csebuetnlp/banglabert
237018	None	csebuetnlp/banglabert
448776	None	csebuetnlp/banglabert
85034	None	csebuetnlp/banglabert
311670	Community	csebuetnlp/banglabert
441297	Individual	csebuetnlp/banglabert
517000	None	csebuetnlp/banglabert
96319	Individual	csebuetnlp/banglabert
418882	Community	csebuetnlp/banglabert
155075	None	csebuetnlp/banglabert
12231	None	csebuetnlp/banglabert
413056	Organization	csebuetnlp/banglabert
907236	None	csebuetnlp/banglabert
604934	Organization	csebuetnlp/banglabert
838580	Individual	csebuetnlp/banglabert
717687	None	csebuetnlp/banglabert
197189	Society	csebuetnlp/banglabert
855820	Individual	csebuetnlp/banglabert
182568	None	csebuetnlp/banglabert
320842	None	csebuetnlp/banglabert
879729	None	csebuetnlp/banglabert
14189	Society	csebuetnlp/banglabert
740123	None	csebuetnlp/banglabert
286498	Individual	csebuetnlp/banglabert
453161	None	csebuetnlp/banglabert
698304	None	csebuetnlp/banglabert
569119	None	csebuetnlp/banglabert
395594	None	csebuetnlp/banglabert
540215	None	csebuetnlp/banglabert
771499	None	csebuetnlp/banglabert
18282	None	csebuetnlp/banglabert
438340	None	csebuetnlp/banglabert
750831	None	csebuetnlp/banglabert
422062	None	csebuetnlp/banglabert
252381	Individual	csebuetnlp/banglabert
128299	Community	csebuetnlp/banglabert
82059	Organization	csebuetnlp/banglabert
440675	Organization	csebuetnlp/banglabert
303717	None	csebuetnlp/banglabert
799599	None	csebuetnlp/banglabert
460943	None	csebuetnlp/banglabert
385684	None	csebuetnlp/banglabert
279316	None	csebuetnlp/banglabert
775008	None	csebuetnlp/banglabert
591611	None	csebuetnlp/banglabert
381277	None	csebuetnlp/banglabert
784997	None	csebuetnlp/banglabert
491267	None	csebuetnlp/banglabert
899392	Individual	csebuetnlp/banglabert
12717	Society	csebuetnlp/banglabert
494312	None	csebuetnlp/banglabert
103228	Organization	csebuetnlp/banglabert
295335	None	csebuetnlp/banglabert
316645	None	csebuetnlp/banglabert
645657	Society	csebuetnlp/banglabert
205048	Organization	csebuetnlp/banglabert
169403	Community	csebuetnlp/banglabert
471808	None	csebuetnlp/banglabert
548377	Individual	csebuetnlp/banglabert
574374	Organization	csebuetnlp/banglabert
376266	None	csebuetnlp/banglabert
137128	None	csebuetnlp/banglabert
84681	Organization	csebuetnlp/banglabert
869682	None	csebuetnlp/banglabert
522322	Individual	csebuetnlp/banglabert
620454	None	csebuetnlp/banglabert
902649	None	csebuetnlp/banglabert
69156	None	csebuetnlp/banglabert
821418	Organization	csebuetnlp/banglabert
299047	None	csebuetnlp/banglabert
470685	None	csebuetnlp/banglabert
174808	Organization	csebuetnlp/banglabert
926452	Society	csebuetnlp/banglabert
875164	None	csebuetnlp/banglabert
365347	Community	csebuetnlp/banglabert
836477	Individual	csebuetnlp/banglabert
905476	None	csebuetnlp/banglabert
936688	None	csebuetnlp/banglabert
560260	Organization	csebuetnlp/banglabert
412196	None	csebuetnlp/banglabert
520253	None	csebuetnlp/banglabert
2167	Individual	csebuetnlp/banglabert
779149	Society	csebuetnlp/banglabert
914749	None	csebuetnlp/banglabert
190492	None	csebuetnlp/banglabert
179549	None	csebuetnlp/banglabert
32044	Individual	csebuetnlp/banglabert
313219	None	csebuetnlp/banglabert
621571	Individual	csebuetnlp/banglabert
937290	None	csebuetnlp/banglabert
308142	None	csebuetnlp/banglabert
815069	Individual	csebuetnlp/banglabert
186811	Organization	csebuetnlp/banglabert
771777	None	csebuetnlp/banglabert
33082	None	csebuetnlp/banglabert
403175	Society	csebuetnlp/banglabert
482237	None	csebuetnlp/banglabert
167408	Organization	csebuetnlp/banglabert
424508	Organization	csebuetnlp/banglabert
466439	None	csebuetnlp/banglabert
804184	Community	csebuetnlp/banglabert
889384	Society	csebuetnlp/banglabert
80815	Organization	csebuetnlp/banglabert
343649	Organization	csebuetnlp/banglabert
358043	None	csebuetnlp/banglabert
612105	Community	csebuetnlp/banglabert
62235	Individual	csebuetnlp/banglabert
214701	None	csebuetnlp/banglabert
864286	Individual	csebuetnlp/banglabert
33526	None	csebuetnlp/banglabert
461360	None	csebuetnlp/banglabert
637121	Individual	csebuetnlp/banglabert
539351	None	csebuetnlp/banglabert
442711	Individual	csebuetnlp/banglabert
854642	Community	csebuetnlp/banglabert
380082	None	csebuetnlp/banglabert
262039	None	csebuetnlp/banglabert
131765	None	csebuetnlp/banglabert
461120	None	csebuetnlp/banglabert
486207	Individual	csebuetnlp/banglabert
585797	None	csebuetnlp/banglabert
347925	None	csebuetnlp/banglabert
149746	None	csebuetnlp/banglabert
648789	None	csebuetnlp/banglabert
827712	None	csebuetnlp/banglabert
289491	None	csebuetnlp/banglabert
114350	Community	csebuetnlp/banglabert
647470	Organization	csebuetnlp/banglabert
628702	Organization	csebuetnlp/banglabert
333078	Individual	csebuetnlp/banglabert
194388	Organization	csebuetnlp/banglabert
403332	None	csebuetnlp/banglabert
261772	None	csebuetnlp/banglabert
562636	Organization	csebuetnlp/banglabert
497449	None	csebuetnlp/banglabert
578764	Organization	csebuetnlp/banglabert
843620	None	csebuetnlp/banglabert
152036	Individual	csebuetnlp/banglabert
406570	None	csebuetnlp/banglabert
288559	None	csebuetnlp/banglabert
483883	Organization	csebuetnlp/banglabert
913373	None	csebuetnlp/banglabert
927437	None	csebuetnlp/banglabert
269342	None	csebuetnlp/banglabert
885094	None	csebuetnlp/banglabert
721480	None	csebuetnlp/banglabert
849005	None	csebuetnlp/banglabert
498494	None	csebuetnlp/banglabert
476169	None	csebuetnlp/banglabert
450992	Community	csebuetnlp/banglabert
237824	None	csebuetnlp/banglabert
616971	None	csebuetnlp/banglabert
503134	None	csebuetnlp/banglabert
300697	Individual	csebuetnlp/banglabert
341752	None	csebuetnlp/banglabert
389232	None	csebuetnlp/banglabert
165711	None	csebuetnlp/banglabert
595882	Individual	csebuetnlp/banglabert
461321	None	csebuetnlp/banglabert
534246	None	csebuetnlp/banglabert
167959	None	csebuetnlp/banglabert
663255	Individual	csebuetnlp/banglabert
491560	None	csebuetnlp/banglabert
759859	None	csebuetnlp/banglabert
933842	None	csebuetnlp/banglabert
447129	None	csebuetnlp/banglabert
77357	None	csebuetnlp/banglabert
843342	None	csebuetnlp/banglabert
762831	None	csebuetnlp/banglabert
495779	Community	csebuetnlp/banglabert
110324	Organization	csebuetnlp/banglabert
748744	None	csebuetnlp/banglabert
267627	None	csebuetnlp/banglabert
28570	Community	csebuetnlp/banglabert
114389	None	csebuetnlp/banglabert
917265	Society	csebuetnlp/banglabert
861949	None	csebuetnlp/banglabert
835845	None	csebuetnlp/banglabert
817301	Organization	csebuetnlp/banglabert
155697	None	csebuetnlp/banglabert
776060	None	csebuetnlp/banglabert
140203	Organization	csebuetnlp/banglabert
551159	None	csebuetnlp/banglabert
303964	None	csebuetnlp/banglabert
359310	None	csebuetnlp/banglabert
814630	None	csebuetnlp/banglabert
724406	None	csebuetnlp/banglabert
345485	None	csebuetnlp/banglabert
923533	Individual	csebuetnlp/banglabert
879480	Community	csebuetnlp/banglabert
29455	Community	csebuetnlp/banglabert
6905	Community	csebuetnlp/banglabert
857239	None	csebuetnlp/banglabert
375203	None	csebuetnlp/banglabert
239594	None	csebuetnlp/banglabert
397239	Community	csebuetnlp/banglabert
927497	None	csebuetnlp/banglabert
448887	None	csebuetnlp/banglabert
196093	Individual	csebuetnlp/banglabert
707921	None	csebuetnlp/banglabert
141474	Individual	csebuetnlp/banglabert
244709	Individual	csebuetnlp/banglabert
145485	None	csebuetnlp/banglabert
236687	None	csebuetnlp/banglabert
7891	Organization	csebuetnlp/banglabert
155340	None	csebuetnlp/banglabert
430072	None	csebuetnlp/banglabert
172675	None	csebuetnlp/banglabert
125198	Community	csebuetnlp/banglabert
53219	None	csebuetnlp/banglabert
741755	None	csebuetnlp/banglabert
527271	None	csebuetnlp/banglabert
452267	None	csebuetnlp/banglabert
760668	Society	csebuetnlp/banglabert
618519	Organization	csebuetnlp/banglabert
283486	None	csebuetnlp/banglabert
896974	Individual	csebuetnlp/banglabert
391677	Organization	csebuetnlp/banglabert
520670	None	csebuetnlp/banglabert
233592	Individual	csebuetnlp/banglabert
755934	Society	csebuetnlp/banglabert
384551	Society	csebuetnlp/banglabert
589893	None	csebuetnlp/banglabert
286092	Individual	csebuetnlp/banglabert
87617	Individual	csebuetnlp/banglabert
110536	Community	csebuetnlp/banglabert
52958	None	csebuetnlp/banglabert
458404	None	csebuetnlp/banglabert
566519	Community	csebuetnlp/banglabert
610780	None	csebuetnlp/banglabert
209532	None	csebuetnlp/banglabert
250419	Individual	csebuetnlp/banglabert
195314	None	csebuetnlp/banglabert
393437	Organization	csebuetnlp/banglabert
205708	Organization	csebuetnlp/banglabert
891127	None	csebuetnlp/banglabert
805521	None	csebuetnlp/banglabert
117548	None	csebuetnlp/banglabert
246624	Individual	csebuetnlp/banglabert
506244	None	csebuetnlp/banglabert
509687	Individual	csebuetnlp/banglabert
289677	None	csebuetnlp/banglabert
335025	None	csebuetnlp/banglabert
822377	None	csebuetnlp/banglabert
527383	Individual	csebuetnlp/banglabert
424353	Individual	csebuetnlp/banglabert
194135	None	csebuetnlp/banglabert
648640	None	csebuetnlp/banglabert
9427	None	csebuetnlp/banglabert
873869	Community	csebuetnlp/banglabert
362074	None	csebuetnlp/banglabert
576729	None	csebuetnlp/banglabert
693527	None	csebuetnlp/banglabert
322553	None	csebuetnlp/banglabert
497543	None	csebuetnlp/banglabert
682727	None	csebuetnlp/banglabert
496534	None	csebuetnlp/banglabert
547405	Individual	csebuetnlp/banglabert
586467	None	csebuetnlp/banglabert
109766	None	csebuetnlp/banglabert
364975	Organization	csebuetnlp/banglabert
652511	None	csebuetnlp/banglabert
132343	None	csebuetnlp/banglabert
927703	None	csebuetnlp/banglabert
560305	None	csebuetnlp/banglabert
710998	None	csebuetnlp/banglabert
683040	None	csebuetnlp/banglabert
242895	None	csebuetnlp/banglabert
1933	Individual	csebuetnlp/banglabert
486726	None	csebuetnlp/banglabert
666424	None	csebuetnlp/banglabert
339870	Individual	csebuetnlp/banglabert
4331	None	csebuetnlp/banglabert
839398	None	csebuetnlp/banglabert
382216	None	csebuetnlp/banglabert
496082	Individual	csebuetnlp/banglabert
684296	None	csebuetnlp/banglabert
114508	Individual	csebuetnlp/banglabert
736996	None	csebuetnlp/banglabert
646381	Individual	csebuetnlp/banglabert
262330	Individual	csebuetnlp/banglabert
289463	Community	csebuetnlp/banglabert
622294	Organization	csebuetnlp/banglabert
269050	Individual	csebuetnlp/banglabert
630616	Organization	csebuetnlp/banglabert
796750	Organization	csebuetnlp/banglabert
256089	None	csebuetnlp/banglabert
909380	None	csebuetnlp/banglabert
778	None	csebuetnlp/banglabert
812526	None	csebuetnlp/banglabert
361081	None	csebuetnlp/banglabert
397486	None	csebuetnlp/banglabert
370000	Individual	csebuetnlp/banglabert
424535	None	csebuetnlp/banglabert
715610	None	csebuetnlp/banglabert
109305	None	csebuetnlp/banglabert
809961	None	csebuetnlp/banglabert
93573	None	csebuetnlp/banglabert
313102	None	csebuetnlp/banglabert
595589	Individual	csebuetnlp/banglabert
792217	Society	csebuetnlp/banglabert
401393	None	csebuetnlp/banglabert
642501	Organization	csebuetnlp/banglabert
454025	None	csebuetnlp/banglabert
425967	None	csebuetnlp/banglabert
17514	Organization	csebuetnlp/banglabert
173438	None	csebuetnlp/banglabert
492943	None	csebuetnlp/banglabert
432564	None	csebuetnlp/banglabert
391327	Society	csebuetnlp/banglabert
683088	None	csebuetnlp/banglabert
218139	Individual	csebuetnlp/banglabert
39131	None	csebuetnlp/banglabert
531057	None	csebuetnlp/banglabert
315983	Community	csebuetnlp/banglabert
41430	None	csebuetnlp/banglabert
523176	None	csebuetnlp/banglabert
419632	Society	csebuetnlp/banglabert
914780	None	csebuetnlp/banglabert
729474	Individual	csebuetnlp/banglabert
419256	None	csebuetnlp/banglabert
78729	None	csebuetnlp/banglabert
500711	None	csebuetnlp/banglabert
322905	None	csebuetnlp/banglabert
268247	None	csebuetnlp/banglabert
545088	None	csebuetnlp/banglabert
652752	None	csebuetnlp/banglabert
22670	None	csebuetnlp/banglabert
719828	None	csebuetnlp/banglabert
574934	Society	csebuetnlp/banglabert
566019	None	csebuetnlp/banglabert
716179	None	csebuetnlp/banglabert
10820	Organization	csebuetnlp/banglabert
304434	None	csebuetnlp/banglabert
870604	Community	csebuetnlp/banglabert
761622	Organization	csebuetnlp/banglabert
863110	None	csebuetnlp/banglabert
147674	None	csebuetnlp/banglabert
10812	None	csebuetnlp/banglabert
312994	None	csebuetnlp/banglabert
875401	None	csebuetnlp/banglabert
734189	None	csebuetnlp/banglabert
602118	Individual	csebuetnlp/banglabert
65083	Organization	csebuetnlp/banglabert
892059	Organization	csebuetnlp/banglabert
463607	None	csebuetnlp/banglabert
689129	None	csebuetnlp/banglabert
650278	Organization	csebuetnlp/banglabert
501371	Individual	csebuetnlp/banglabert
739258	None	csebuetnlp/banglabert
692520	None	csebuetnlp/banglabert
508400	Community	csebuetnlp/banglabert
20488	None	csebuetnlp/banglabert
406730	Community	csebuetnlp/banglabert
436406	None	csebuetnlp/banglabert
331150	None	csebuetnlp/banglabert
120657	None	csebuetnlp/banglabert
924173	None	csebuetnlp/banglabert
105527	Community	csebuetnlp/banglabert
745765	None	csebuetnlp/banglabert
717745	None	csebuetnlp/banglabert
726657	None	csebuetnlp/banglabert
354360	None	csebuetnlp/banglabert
46157	None	csebuetnlp/banglabert
280837	None	csebuetnlp/banglabert
189579	Organization	csebuetnlp/banglabert
863341	None	csebuetnlp/banglabert
427293	None	csebuetnlp/banglabert
51238	Individual	csebuetnlp/banglabert
258212	None	csebuetnlp/banglabert
886930	None	csebuetnlp/banglabert
570426	None	csebuetnlp/banglabert
278931	None	csebuetnlp/banglabert
510657	None	csebuetnlp/banglabert
602789	Organization	csebuetnlp/banglabert
866305	None	csebuetnlp/banglabert
934049	None	csebuetnlp/banglabert
146260	None	csebuetnlp/banglabert
168131	None	csebuetnlp/banglabert
710268	None	csebuetnlp/banglabert
201234	Organization	csebuetnlp/banglabert
137049	Community	csebuetnlp/banglabert
262717	None	csebuetnlp/banglabert
220124	None	csebuetnlp/banglabert
307806	Individual	csebuetnlp/banglabert
605409	Individual	csebuetnlp/banglabert
384402	None	csebuetnlp/banglabert
697635	None	csebuetnlp/banglabert
721472	Organization	csebuetnlp/banglabert
791762	None	csebuetnlp/banglabert
316652	None	csebuetnlp/banglabert
887215	None	csebuetnlp/banglabert
914909	None	csebuetnlp/banglabert
685684	None	csebuetnlp/banglabert
326738	None	csebuetnlp/banglabert
841783	Individual	csebuetnlp/banglabert
511643	Individual	csebuetnlp/banglabert
40308	None	csebuetnlp/banglabert
838584	None	csebuetnlp/banglabert
746668	None	csebuetnlp/banglabert
145613	None	csebuetnlp/banglabert
257366	None	csebuetnlp/banglabert
706991	None	csebuetnlp/banglabert
761545	Society	csebuetnlp/banglabert
314134	Community	csebuetnlp/banglabert
742594	None	csebuetnlp/banglabert
480467	None	csebuetnlp/banglabert
166983	None	csebuetnlp/banglabert
246851	None	csebuetnlp/banglabert
509656	None	csebuetnlp/banglabert
810103	None	csebuetnlp/banglabert
306498	None	csebuetnlp/banglabert
458521	None	csebuetnlp/banglabert
194553	None	csebuetnlp/banglabert
577334	None	csebuetnlp/banglabert
919153	None	csebuetnlp/banglabert
323699	None	csebuetnlp/banglabert
301853	None	csebuetnlp/banglabert
272761	None	csebuetnlp/banglabert
387996	Society	csebuetnlp/banglabert
199317	Individual	csebuetnlp/banglabert
843517	None	csebuetnlp/banglabert
756751	Society	csebuetnlp/banglabert
802792	Community	csebuetnlp/banglabert
4108	Individual	csebuetnlp/banglabert
594826	Community	csebuetnlp/banglabert
239590	Community	csebuetnlp/banglabert
414415	Society	csebuetnlp/banglabert
620296	Organization	csebuetnlp/banglabert
843329	None	csebuetnlp/banglabert
272703	None	csebuetnlp/banglabert
96967	None	csebuetnlp/banglabert
684514	None	csebuetnlp/banglabert
363925	Society	csebuetnlp/banglabert
701831	Individual	csebuetnlp/banglabert
570642	None	csebuetnlp/banglabert
351163	None	csebuetnlp/banglabert
544574	None	csebuetnlp/banglabert
895025	None	csebuetnlp/banglabert
140578	None	csebuetnlp/banglabert
798880	Individual	csebuetnlp/banglabert
658158	Society	csebuetnlp/banglabert
470670	Individual	csebuetnlp/banglabert
491299	Individual	csebuetnlp/banglabert
923599	None	csebuetnlp/banglabert
699500	None	csebuetnlp/banglabert
402499	None	csebuetnlp/banglabert
882133	None	csebuetnlp/banglabert
930565	None	csebuetnlp/banglabert
179809	None	csebuetnlp/banglabert
802404	None	csebuetnlp/banglabert
134679	Community	csebuetnlp/banglabert
915608	None	csebuetnlp/banglabert
789848	Community	csebuetnlp/banglabert
186151	Society	csebuetnlp/banglabert
566111	Organization	csebuetnlp/banglabert
712786	None	csebuetnlp/banglabert
18233	None	csebuetnlp/banglabert
448663	None	csebuetnlp/banglabert
101726	Organization	csebuetnlp/banglabert
137172	None	csebuetnlp/banglabert
130592	None	csebuetnlp/banglabert
289339	None	csebuetnlp/banglabert
268238	Organization	csebuetnlp/banglabert
778844	None	csebuetnlp/banglabert
619989	None	csebuetnlp/banglabert
295113	None	csebuetnlp/banglabert
510523	Society	csebuetnlp/banglabert
874338	None	csebuetnlp/banglabert
375992	None	csebuetnlp/banglabert
143018	None	csebuetnlp/banglabert
449384	None	csebuetnlp/banglabert
668450	Individual	csebuetnlp/banglabert
900460	None	csebuetnlp/banglabert
782027	Society	csebuetnlp/banglabert
248320	None	csebuetnlp/banglabert
903520	None	csebuetnlp/banglabert
321366	None	csebuetnlp/banglabert
53970	Individual	csebuetnlp/banglabert
408408	None	csebuetnlp/banglabert
825847	None	csebuetnlp/banglabert
512939	Organization	csebuetnlp/banglabert
757889	Individual	csebuetnlp/banglabert
843487	None	csebuetnlp/banglabert
312978	None	csebuetnlp/banglabert
763921	Community	csebuetnlp/banglabert
570935	None	csebuetnlp/banglabert
251505	None	csebuetnlp/banglabert
226424	Organization	csebuetnlp/banglabert
670694	None	csebuetnlp/banglabert
823738	Organization	csebuetnlp/banglabert
708856	None	csebuetnlp/banglabert
692533	None	csebuetnlp/banglabert
328000	Individual	csebuetnlp/banglabert
821624	Society	csebuetnlp/banglabert
888369	None	csebuetnlp/banglabert
775464	None	csebuetnlp/banglabert
378095	Community	csebuetnlp/banglabert
415921	Organization	csebuetnlp/banglabert
317166	None	csebuetnlp/banglabert
769119	None	csebuetnlp/banglabert
281010	Organization	csebuetnlp/banglabert
535819	Individual	csebuetnlp/banglabert
479402	Organization	csebuetnlp/banglabert
790291	None	csebuetnlp/banglabert
779950	None	csebuetnlp/banglabert
219128	Organization	csebuetnlp/banglabert
152210	Community	csebuetnlp/banglabert
116919	Individual	csebuetnlp/banglabert
124279	None	csebuetnlp/banglabert
148529	None	csebuetnlp/banglabert
664652	Organization	csebuetnlp/banglabert
695137	None	csebuetnlp/banglabert
936459	None	csebuetnlp/banglabert
175827	None	csebuetnlp/banglabert
913351	None	csebuetnlp/banglabert
643267	None	csebuetnlp/banglabert
530943	None	csebuetnlp/banglabert
46609	Individual	csebuetnlp/banglabert
415153	None	csebuetnlp/banglabert
436911	None	csebuetnlp/banglabert
474833	Organization	csebuetnlp/banglabert
17874	None	csebuetnlp/banglabert
471347	None	csebuetnlp/banglabert
213176	None	csebuetnlp/banglabert
527476	Individual	csebuetnlp/banglabert
815877	None	csebuetnlp/banglabert
677021	None	csebuetnlp/banglabert
240874	Organization	csebuetnlp/banglabert
794742	Community	csebuetnlp/banglabert
73385	Individual	csebuetnlp/banglabert
303942	Individual	csebuetnlp/banglabert
262531	Individual	csebuetnlp/banglabert
469724	None	csebuetnlp/banglabert
826071	Individual	csebuetnlp/banglabert
876469	None	csebuetnlp/banglabert
572805	Individual	csebuetnlp/banglabert
54874	Individual	csebuetnlp/banglabert
593727	None	csebuetnlp/banglabert
10377	None	csebuetnlp/banglabert
682060	None	csebuetnlp/banglabert
275312	Organization	csebuetnlp/banglabert
692021	None	csebuetnlp/banglabert
847734	Individual	csebuetnlp/banglabert
94130	Individual	csebuetnlp/banglabert
718967	None	csebuetnlp/banglabert
763014	None	csebuetnlp/banglabert
731570	Society	csebuetnlp/banglabert
740982	None	csebuetnlp/banglabert
866626	None	csebuetnlp/banglabert
729076	Organization	csebuetnlp/banglabert
895537	None	csebuetnlp/banglabert
392555	None	csebuetnlp/banglabert
250047	None	csebuetnlp/banglabert
315945	None	csebuetnlp/banglabert
707668	None	csebuetnlp/banglabert
175422	None	csebuetnlp/banglabert
26180	None	csebuetnlp/banglabert
638766	None	csebuetnlp/banglabert
728323	None	csebuetnlp/banglabert
82810	Individual	csebuetnlp/banglabert
282591	None	csebuetnlp/banglabert
161178	Individual	csebuetnlp/banglabert
740696	Individual	csebuetnlp/banglabert
348504	None	csebuetnlp/banglabert
845443	None	csebuetnlp/banglabert
776466	None	csebuetnlp/banglabert
849227	Individual	csebuetnlp/banglabert
532697	Individual	csebuetnlp/banglabert
861411	None	csebuetnlp/banglabert
743242	None	csebuetnlp/banglabert
